ref;org;cas;mois;lots;marqueur;montants_actes;concurrents_deposes;infructueux;lien_pdf;telechargement;piece_jointe;proces_verbal;plus_de_details;detail_lot;tableau_lots;estimation;acces_refuse;taille;liens;boutons;lecteur_actuel;perdants_chiffres
927994;p1v;absents;12;-;False;False;False;False;False;True;False;False;False;False;False;False;False;53712;"Vous n'êtes pas authentifié -> javascript:;//ctl0_bandeauEntreprise_ctl1 | PORTAIL -> pmmp | S'identifier -> javascript:;//ctl0_menuGaucheEntreprise_ctl0 | Mon panier -> toggleMenu( | Consultations -> javascript:void(0); | Toutes les consultations -> ?page=entreprise.EntrepriseAdvancedSearch&amp;panierEntreprise | Avec -> ?page=entreprise.EntrepriseAdvancedSearch&amp;panierEntreprise&amp;retraits | sans retrait -> ?page=entreprise.EntrepriseAdvancedSearch&amp;panierEntreprise&amp;sansRetraits | Avec -> ?page=entreprise.EntrepriseAdvancedSearch&amp;panierEntreprise&amp;questions | sans question posée -> ?page=entreprise.EntrepriseAdvancedSearch&amp;panierEntreprise&amp;sansQuestions | Avec -> ?page=entreprise.EntrepriseAdvancedSearch&amp;panierEntreprise&amp;depots | sans dépôt -> ?page=entreprise.EntrepriseAdvancedSearch&amp;panierEntreprise&amp;sansDepots | Avec -> ?page=entreprise.Entr";themes/images/flag-fr.png [ctl0$bandeauEntreprise$langages$ctl0$flagImg] | themes/images/flag-ar.png [ctl0$bandeauEntreprise$langages$ctl1$flagImg] | themes/images/bouton-ok.gif [ctl0$menuGaucheEntreprise$imageOk] | themes/images/bouton-ok.gif [ctl0$CONTENU_PAGE$authentificationButton] | themes/images/bouton-ok.gif [ctl0$CONTENU_PAGE$buttonIceOk] |  [ctl0$CONTENU_PAGE$refreshListPays] | themes/images/bouton-ok.gif [ctl0$CONTENU_PAGE$buttonidNationalOk];rien;
946022;p8x;absents;10;-;False;False;False;False;False;True;False;False;False;False;False;False;False;53712;"Vous n'êtes pas authentifié -> javascript:;//ctl0_bandeauEntreprise_ctl1 | PORTAIL -> pmmp | S'identifier -> javascript:;//ctl0_menuGaucheEntreprise_ctl0 | Mon panier -> toggleMenu( | Consultations -> javascript:void(0); | Toutes les consultations -> ?page=entreprise.EntrepriseAdvancedSearch&amp;panierEntreprise | Avec -> ?page=entreprise.EntrepriseAdvancedSearch&amp;panierEntreprise&amp;retraits | sans retrait -> ?page=entreprise.EntrepriseAdvancedSearch&amp;panierEntreprise&amp;sansRetraits | Avec -> ?page=entreprise.EntrepriseAdvancedSearch&amp;panierEntreprise&amp;questions | sans question posée -> ?page=entreprise.EntrepriseAdvancedSearch&amp;panierEntreprise&amp;sansQuestions | Avec -> ?page=entreprise.EntrepriseAdvancedSearch&amp;panierEntreprise&amp;depots | sans dépôt -> ?page=entreprise.EntrepriseAdvancedSearch&amp;panierEntreprise&amp;sansDepots | Avec -> ?page=entreprise.Entr";themes/images/flag-fr.png [ctl0$bandeauEntreprise$langages$ctl0$flagImg] | themes/images/flag-ar.png [ctl0$bandeauEntreprise$langages$ctl1$flagImg] | themes/images/bouton-ok.gif [ctl0$menuGaucheEntreprise$imageOk] | themes/images/bouton-ok.gif [ctl0$CONTENU_PAGE$authentificationButton] | themes/images/bouton-ok.gif [ctl0$CONTENU_PAGE$buttonIceOk] |  [ctl0$CONTENU_PAGE$refreshListPays] | themes/images/bouton-ok.gif [ctl0$CONTENU_PAGE$buttonidNationalOk];rien;
947810;p8x;absents;10;-;False;False;False;False;False;True;False;False;False;False;False;False;False;53712;"Vous n'êtes pas authentifié -> javascript:;//ctl0_bandeauEntreprise_ctl1 | PORTAIL -> pmmp | S'identifier -> javascript:;//ctl0_menuGaucheEntreprise_ctl0 | Mon panier -> toggleMenu( | Consultations -> javascript:void(0); | Toutes les consultations -> ?page=entreprise.EntrepriseAdvancedSearch&amp;panierEntreprise | Avec -> ?page=entreprise.EntrepriseAdvancedSearch&amp;panierEntreprise&amp;retraits | sans retrait -> ?page=entreprise.EntrepriseAdvancedSearch&amp;panierEntreprise&amp;sansRetraits | Avec -> ?page=entreprise.EntrepriseAdvancedSearch&amp;panierEntreprise&amp;questions | sans question posée -> ?page=entreprise.EntrepriseAdvancedSearch&amp;panierEntreprise&amp;sansQuestions | Avec -> ?page=entreprise.EntrepriseAdvancedSearch&amp;panierEntreprise&amp;depots | sans dépôt -> ?page=entreprise.EntrepriseAdvancedSearch&amp;panierEntreprise&amp;sansDepots | Avec -> ?page=entreprise.Entr";themes/images/flag-fr.png [ctl0$bandeauEntreprise$langages$ctl0$flagImg] | themes/images/flag-ar.png [ctl0$bandeauEntreprise$langages$ctl1$flagImg] | themes/images/bouton-ok.gif [ctl0$menuGaucheEntreprise$imageOk] | themes/images/bouton-ok.gif [ctl0$CONTENU_PAGE$authentificationButton] | themes/images/bouton-ok.gif [ctl0$CONTENU_PAGE$buttonIceOk] |  [ctl0$CONTENU_PAGE$refreshListPays] | themes/images/bouton-ok.gif [ctl0$CONTENU_PAGE$buttonidNationalOk];rien;
903954;g3h;absents;15;-;False;False;False;False;False;True;False;False;False;False;False;False;False;53712;"Vous n'êtes pas authentifié -> javascript:;//ctl0_bandeauEntreprise_ctl1 | PORTAIL -> pmmp | S'identifier -> javascript:;//ctl0_menuGaucheEntreprise_ctl0 | Mon panier -> toggleMenu( | Consultations -> javascript:void(0); | Toutes les consultations -> ?page=entreprise.EntrepriseAdvancedSearch&amp;panierEntreprise | Avec -> ?page=entreprise.EntrepriseAdvancedSearch&amp;panierEntreprise&amp;retraits | sans retrait -> ?page=entreprise.EntrepriseAdvancedSearch&amp;panierEntreprise&amp;sansRetraits | Avec -> ?page=entreprise.EntrepriseAdvancedSearch&amp;panierEntreprise&amp;questions | sans question posée -> ?page=entreprise.EntrepriseAdvancedSearch&amp;panierEntreprise&amp;sansQuestions | Avec -> ?page=entreprise.EntrepriseAdvancedSearch&amp;panierEntreprise&amp;depots | sans dépôt -> ?page=entreprise.EntrepriseAdvancedSearch&amp;panierEntreprise&amp;sansDepots | Avec -> ?page=entreprise.Entr";themes/images/flag-fr.png [ctl0$bandeauEntreprise$langages$ctl0$flagImg] | themes/images/flag-ar.png [ctl0$bandeauEntreprise$langages$ctl1$flagImg] | themes/images/bouton-ok.gif [ctl0$menuGaucheEntreprise$imageOk] | themes/images/bouton-ok.gif [ctl0$CONTENU_PAGE$authentificationButton] | themes/images/bouton-ok.gif [ctl0$CONTENU_PAGE$buttonIceOk] |  [ctl0$CONTENU_PAGE$refreshListPays] | themes/images/bouton-ok.gif [ctl0$CONTENU_PAGE$buttonidNationalOk];rien;
893255;z9k;absents;16;-;False;False;False;False;False;True;False;False;False;False;False;False;False;53712;"Vous n'êtes pas authentifié -> javascript:;//ctl0_bandeauEntreprise_ctl1 | PORTAIL -> pmmp | S'identifier -> javascript:;//ctl0_menuGaucheEntreprise_ctl0 | Mon panier -> toggleMenu( | Consultations -> javascript:void(0); | Toutes les consultations -> ?page=entreprise.EntrepriseAdvancedSearch&amp;panierEntreprise | Avec -> ?page=entreprise.EntrepriseAdvancedSearch&amp;panierEntreprise&amp;retraits | sans retrait -> ?page=entreprise.EntrepriseAdvancedSearch&amp;panierEntreprise&amp;sansRetraits | Avec -> ?page=entreprise.EntrepriseAdvancedSearch&amp;panierEntreprise&amp;questions | sans question posée -> ?page=entreprise.EntrepriseAdvancedSearch&amp;panierEntreprise&amp;sansQuestions | Avec -> ?page=entreprise.EntrepriseAdvancedSearch&amp;panierEntreprise&amp;depots | sans dépôt -> ?page=entreprise.EntrepriseAdvancedSearch&amp;panierEntreprise&amp;sansDepots | Avec -> ?page=entreprise.Entr";themes/images/flag-fr.png [ctl0$bandeauEntreprise$langages$ctl0$flagImg] | themes/images/flag-ar.png [ctl0$bandeauEntreprise$langages$ctl1$flagImg] | themes/images/bouton-ok.gif [ctl0$menuGaucheEntreprise$imageOk] | themes/images/bouton-ok.gif [ctl0$CONTENU_PAGE$authentificationButton] | themes/images/bouton-ok.gif [ctl0$CONTENU_PAGE$buttonIceOk] |  [ctl0$CONTENU_PAGE$refreshListPays] | themes/images/bouton-ok.gif [ctl0$CONTENU_PAGE$buttonidNationalOk];rien;
843176;m8x;absents;23;-;False;False;False;False;False;True;False;False;False;False;False;False;False;53712;"Vous n'êtes pas authentifié -> javascript:;//ctl0_bandeauEntreprise_ctl1 | PORTAIL -> pmmp | S'identifier -> javascript:;//ctl0_menuGaucheEntreprise_ctl0 | Mon panier -> toggleMenu( | Consultations -> javascript:void(0); | Toutes les consultations -> ?page=entreprise.EntrepriseAdvancedSearch&amp;panierEntreprise | Avec -> ?page=entreprise.EntrepriseAdvancedSearch&amp;panierEntreprise&amp;retraits | sans retrait -> ?page=entreprise.EntrepriseAdvancedSearch&amp;panierEntreprise&amp;sansRetraits | Avec -> ?page=entreprise.EntrepriseAdvancedSearch&amp;panierEntreprise&amp;questions | sans question posée -> ?page=entreprise.EntrepriseAdvancedSearch&amp;panierEntreprise&amp;sansQuestions | Avec -> ?page=entreprise.EntrepriseAdvancedSearch&amp;panierEntreprise&amp;depots | sans dépôt -> ?page=entreprise.EntrepriseAdvancedSearch&amp;panierEntreprise&amp;sansDepots | Avec -> ?page=entreprise.Entr";themes/images/flag-fr.png [ctl0$bandeauEntreprise$langages$ctl0$flagImg] | themes/images/flag-ar.png [ctl0$bandeauEntreprise$langages$ctl1$flagImg] | themes/images/bouton-ok.gif [ctl0$menuGaucheEntreprise$imageOk] | themes/images/bouton-ok.gif [ctl0$CONTENU_PAGE$authentificationButton] | themes/images/bouton-ok.gif [ctl0$CONTENU_PAGE$buttonIceOk] |  [ctl0$CONTENU_PAGE$refreshListPays] | themes/images/bouton-ok.gif [ctl0$CONTENU_PAGE$buttonidNationalOk];rien;
843629;o8p;absents;22;-;False;False;False;False;False;True;False;False;False;False;False;False;False;53712;"Vous n'êtes pas authentifié -> javascript:;//ctl0_bandeauEntreprise_ctl1 | PORTAIL -> pmmp | S'identifier -> javascript:;//ctl0_menuGaucheEntreprise_ctl0 | Mon panier -> toggleMenu( | Consultations -> javascript:void(0); | Toutes les consultations -> ?page=entreprise.EntrepriseAdvancedSearch&amp;panierEntreprise | Avec -> ?page=entreprise.EntrepriseAdvancedSearch&amp;panierEntreprise&amp;retraits | sans retrait -> ?page=entreprise.EntrepriseAdvancedSearch&amp;panierEntreprise&amp;sansRetraits | Avec -> ?page=entreprise.EntrepriseAdvancedSearch&amp;panierEntreprise&amp;questions | sans question posée -> ?page=entreprise.EntrepriseAdvancedSearch&amp;panierEntreprise&amp;sansQuestions | Avec -> ?page=entreprise.EntrepriseAdvancedSearch&amp;panierEntreprise&amp;depots | sans dépôt -> ?page=entreprise.EntrepriseAdvancedSearch&amp;panierEntreprise&amp;sansDepots | Avec -> ?page=entreprise.Entr";themes/images/flag-fr.png [ctl0$bandeauEntreprise$langages$ctl0$flagImg] | themes/images/flag-ar.png [ctl0$bandeauEntreprise$langages$ctl1$flagImg] | themes/images/bouton-ok.gif [ctl0$menuGaucheEntreprise$imageOk] | themes/images/bouton-ok.gif [ctl0$CONTENU_PAGE$authentificationButton] | themes/images/bouton-ok.gif [ctl0$CONTENU_PAGE$buttonIceOk] |  [ctl0$CONTENU_PAGE$refreshListPays] | themes/images/bouton-ok.gif [ctl0$CONTENU_PAGE$buttonidNationalOk];rien;
871364;g8e;absents;17;-;False;False;False;False;False;True;False;False;False;False;False;False;False;53712;"Vous n'êtes pas authentifié -> javascript:;//ctl0_bandeauEntreprise_ctl1 | PORTAIL -> pmmp | S'identifier -> javascript:;//ctl0_menuGaucheEntreprise_ctl0 | Mon panier -> toggleMenu( | Consultations -> javascript:void(0); | Toutes les consultations -> ?page=entreprise.EntrepriseAdvancedSearch&amp;panierEntreprise | Avec -> ?page=entreprise.EntrepriseAdvancedSearch&amp;panierEntreprise&amp;retraits | sans retrait -> ?page=entreprise.EntrepriseAdvancedSearch&amp;panierEntreprise&amp;sansRetraits | Avec -> ?page=entreprise.EntrepriseAdvancedSearch&amp;panierEntreprise&amp;questions | sans question posée -> ?page=entreprise.EntrepriseAdvancedSearch&amp;panierEntreprise&amp;sansQuestions | Avec -> ?page=entreprise.EntrepriseAdvancedSearch&amp;panierEntreprise&amp;depots | sans dépôt -> ?page=entreprise.EntrepriseAdvancedSearch&amp;panierEntreprise&amp;sansDepots | Avec -> ?page=entreprise.Entr";themes/images/flag-fr.png [ctl0$bandeauEntreprise$langages$ctl0$flagImg] | themes/images/flag-ar.png [ctl0$bandeauEntreprise$langages$ctl1$flagImg] | themes/images/bouton-ok.gif [ctl0$menuGaucheEntreprise$imageOk] | themes/images/bouton-ok.gif [ctl0$CONTENU_PAGE$authentificationButton] | themes/images/bouton-ok.gif [ctl0$CONTENU_PAGE$buttonIceOk] |  [ctl0$CONTENU_PAGE$refreshListPays] | themes/images/bouton-ok.gif [ctl0$CONTENU_PAGE$buttonidNationalOk];rien;
951074;p8x;absents;10;-;False;False;False;False;False;True;False;False;False;False;False;False;False;53712;"Vous n'êtes pas authentifié -> javascript:;//ctl0_bandeauEntreprise_ctl1 | PORTAIL -> pmmp | S'identifier -> javascript:;//ctl0_menuGaucheEntreprise_ctl0 | Mon panier -> toggleMenu( | Consultations -> javascript:void(0); | Toutes les consultations -> ?page=entreprise.EntrepriseAdvancedSearch&amp;panierEntreprise | Avec -> ?page=entreprise.EntrepriseAdvancedSearch&amp;panierEntreprise&amp;retraits | sans retrait -> ?page=entreprise.EntrepriseAdvancedSearch&amp;panierEntreprise&amp;sansRetraits | Avec -> ?page=entreprise.EntrepriseAdvancedSearch&amp;panierEntreprise&amp;questions | sans question posée -> ?page=entreprise.EntrepriseAdvancedSearch&amp;panierEntreprise&amp;sansQuestions | Avec -> ?page=entreprise.EntrepriseAdvancedSearch&amp;panierEntreprise&amp;depots | sans dépôt -> ?page=entreprise.EntrepriseAdvancedSearch&amp;panierEntreprise&amp;sansDepots | Avec -> ?page=entreprise.Entr";themes/images/flag-fr.png [ctl0$bandeauEntreprise$langages$ctl0$flagImg] | themes/images/flag-ar.png [ctl0$bandeauEntreprise$langages$ctl1$flagImg] | themes/images/bouton-ok.gif [ctl0$menuGaucheEntreprise$imageOk] | themes/images/bouton-ok.gif [ctl0$CONTENU_PAGE$authentificationButton] | themes/images/bouton-ok.gif [ctl0$CONTENU_PAGE$buttonIceOk] |  [ctl0$CONTENU_PAGE$refreshListPays] | themes/images/bouton-ok.gif [ctl0$CONTENU_PAGE$buttonidNationalOk];rien;
848785;z7x;absents;22;-;False;False;False;False;False;True;False;False;False;False;False;False;False;53712;"Vous n'êtes pas authentifié -> javascript:;//ctl0_bandeauEntreprise_ctl1 | PORTAIL -> pmmp | S'identifier -> javascript:;//ctl0_menuGaucheEntreprise_ctl0 | Mon panier -> toggleMenu( | Consultations -> javascript:void(0); | Toutes les consultations -> ?page=entreprise.EntrepriseAdvancedSearch&amp;panierEntreprise | Avec -> ?page=entreprise.EntrepriseAdvancedSearch&amp;panierEntreprise&amp;retraits | sans retrait -> ?page=entreprise.EntrepriseAdvancedSearch&amp;panierEntreprise&amp;sansRetraits | Avec -> ?page=entreprise.EntrepriseAdvancedSearch&amp;panierEntreprise&amp;questions | sans question posée -> ?page=entreprise.EntrepriseAdvancedSearch&amp;panierEntreprise&amp;sansQuestions | Avec -> ?page=entreprise.EntrepriseAdvancedSearch&amp;panierEntreprise&amp;depots | sans dépôt -> ?page=entreprise.EntrepriseAdvancedSearch&amp;panierEntreprise&amp;sansDepots | Avec -> ?page=entreprise.Entr";themes/images/flag-fr.png [ctl0$bandeauEntreprise$langages$ctl0$flagImg] | themes/images/flag-ar.png [ctl0$bandeauEntreprise$langages$ctl1$flagImg] | themes/images/bouton-ok.gif [ctl0$menuGaucheEntreprise$imageOk] | themes/images/bouton-ok.gif [ctl0$CONTENU_PAGE$authentificationButton] | themes/images/bouton-ok.gif [ctl0$CONTENU_PAGE$buttonIceOk] |  [ctl0$CONTENU_PAGE$refreshListPays] | themes/images/bouton-ok.gif [ctl0$CONTENU_PAGE$buttonidNationalOk];rien;
958498;p8x;absents;10;-;False;False;False;False;False;True;False;False;False;False;False;False;False;53712;"Vous n'êtes pas authentifié -> javascript:;//ctl0_bandeauEntreprise_ctl1 | PORTAIL -> pmmp | S'identifier -> javascript:;//ctl0_menuGaucheEntreprise_ctl0 | Mon panier -> toggleMenu( | Consultations -> javascript:void(0); | Toutes les consultations -> ?page=entreprise.EntrepriseAdvancedSearch&amp;panierEntreprise | Avec -> ?page=entreprise.EntrepriseAdvancedSearch&amp;panierEntreprise&amp;retraits | sans retrait -> ?page=entreprise.EntrepriseAdvancedSearch&amp;panierEntreprise&amp;sansRetraits | Avec -> ?page=entreprise.EntrepriseAdvancedSearch&amp;panierEntreprise&amp;questions | sans question posée -> ?page=entreprise.EntrepriseAdvancedSearch&amp;panierEntreprise&amp;sansQuestions | Avec -> ?page=entreprise.EntrepriseAdvancedSearch&amp;panierEntreprise&amp;depots | sans dépôt -> ?page=entreprise.EntrepriseAdvancedSearch&amp;panierEntreprise&amp;sansDepots | Avec -> ?page=entreprise.Entr";themes/images/flag-fr.png [ctl0$bandeauEntreprise$langages$ctl0$flagImg] | themes/images/flag-ar.png [ctl0$bandeauEntreprise$langages$ctl1$flagImg] | themes/images/bouton-ok.gif [ctl0$menuGaucheEntreprise$imageOk] | themes/images/bouton-ok.gif [ctl0$CONTENU_PAGE$authentificationButton] | themes/images/bouton-ok.gif [ctl0$CONTENU_PAGE$buttonIceOk] |  [ctl0$CONTENU_PAGE$refreshListPays] | themes/images/bouton-ok.gif [ctl0$CONTENU_PAGE$buttonidNationalOk];rien;
975748;w7t;absents;7;3 Lots;False;False;False;False;False;True;False;False;False;False;False;False;False;53712;"Vous n'êtes pas authentifié -> javascript:;//ctl0_bandeauEntreprise_ctl1 | PORTAIL -> pmmp | S'identifier -> javascript:;//ctl0_menuGaucheEntreprise_ctl0 | Mon panier -> toggleMenu( | Consultations -> javascript:void(0); | Toutes les consultations -> ?page=entreprise.EntrepriseAdvancedSearch&amp;panierEntreprise | Avec -> ?page=entreprise.EntrepriseAdvancedSearch&amp;panierEntreprise&amp;retraits | sans retrait -> ?page=entreprise.EntrepriseAdvancedSearch&amp;panierEntreprise&amp;sansRetraits | Avec -> ?page=entreprise.EntrepriseAdvancedSearch&amp;panierEntreprise&amp;questions | sans question posée -> ?page=entreprise.EntrepriseAdvancedSearch&amp;panierEntreprise&amp;sansQuestions | Avec -> ?page=entreprise.EntrepriseAdvancedSearch&amp;panierEntreprise&amp;depots | sans dépôt -> ?page=entreprise.EntrepriseAdvancedSearch&amp;panierEntreprise&amp;sansDepots | Avec -> ?page=entreprise.Entr";themes/images/flag-fr.png [ctl0$bandeauEntreprise$langages$ctl0$flagImg] | themes/images/flag-ar.png [ctl0$bandeauEntreprise$langages$ctl1$flagImg] | themes/images/bouton-ok.gif [ctl0$menuGaucheEntreprise$imageOk] | themes/images/bouton-ok.gif [ctl0$CONTENU_PAGE$authentificationButton] | themes/images/bouton-ok.gif [ctl0$CONTENU_PAGE$buttonIceOk] |  [ctl0$CONTENU_PAGE$refreshListPays] | themes/images/bouton-ok.gif [ctl0$CONTENU_PAGE$buttonidNationalOk];rien;
934186;m8x;absents;11;-;False;False;False;False;False;True;False;False;False;False;False;False;False;53712;"Vous n'êtes pas authentifié -> javascript:;//ctl0_bandeauEntreprise_ctl1 | PORTAIL -> pmmp | S'identifier -> javascript:;//ctl0_menuGaucheEntreprise_ctl0 | Mon panier -> toggleMenu( | Consultations -> javascript:void(0); | Toutes les consultations -> ?page=entreprise.EntrepriseAdvancedSearch&amp;panierEntreprise | Avec -> ?page=entreprise.EntrepriseAdvancedSearch&amp;panierEntreprise&amp;retraits | sans retrait -> ?page=entreprise.EntrepriseAdvancedSearch&amp;panierEntreprise&amp;sansRetraits | Avec -> ?page=entreprise.EntrepriseAdvancedSearch&amp;panierEntreprise&amp;questions | sans question posée -> ?page=entreprise.EntrepriseAdvancedSearch&amp;panierEntreprise&amp;sansQuestions | Avec -> ?page=entreprise.EntrepriseAdvancedSearch&amp;panierEntreprise&amp;depots | sans dépôt -> ?page=entreprise.EntrepriseAdvancedSearch&amp;panierEntreprise&amp;sansDepots | Avec -> ?page=entreprise.Entr";themes/images/flag-fr.png [ctl0$bandeauEntreprise$langages$ctl0$flagImg] | themes/images/flag-ar.png [ctl0$bandeauEntreprise$langages$ctl1$flagImg] | themes/images/bouton-ok.gif [ctl0$menuGaucheEntreprise$imageOk] | themes/images/bouton-ok.gif [ctl0$CONTENU_PAGE$authentificationButton] | themes/images/bouton-ok.gif [ctl0$CONTENU_PAGE$buttonIceOk] |  [ctl0$CONTENU_PAGE$refreshListPays] | themes/images/bouton-ok.gif [ctl0$CONTENU_PAGE$buttonidNationalOk];rien;
952580;p8x;absents;10;-;False;False;False;False;False;True;False;False;False;False;False;False;False;53712;"Vous n'êtes pas authentifié -> javascript:;//ctl0_bandeauEntreprise_ctl1 | PORTAIL -> pmmp | S'identifier -> javascript:;//ctl0_menuGaucheEntreprise_ctl0 | Mon panier -> toggleMenu( | Consultations -> javascript:void(0); | Toutes les consultations -> ?page=entreprise.EntrepriseAdvancedSearch&amp;panierEntreprise | Avec -> ?page=entreprise.EntrepriseAdvancedSearch&amp;panierEntreprise&amp;retraits | sans retrait -> ?page=entreprise.EntrepriseAdvancedSearch&amp;panierEntreprise&amp;sansRetraits | Avec -> ?page=entreprise.EntrepriseAdvancedSearch&amp;panierEntreprise&amp;questions | sans question posée -> ?page=entreprise.EntrepriseAdvancedSearch&amp;panierEntreprise&amp;sansQuestions | Avec -> ?page=entreprise.EntrepriseAdvancedSearch&amp;panierEntreprise&amp;depots | sans dépôt -> ?page=entreprise.EntrepriseAdvancedSearch&amp;panierEntreprise&amp;sansDepots | Avec -> ?page=entreprise.Entr";themes/images/flag-fr.png [ctl0$bandeauEntreprise$langages$ctl0$flagImg] | themes/images/flag-ar.png [ctl0$bandeauEntreprise$langages$ctl1$flagImg] | themes/images/bouton-ok.gif [ctl0$menuGaucheEntreprise$imageOk] | themes/images/bouton-ok.gif [ctl0$CONTENU_PAGE$authentificationButton] | themes/images/bouton-ok.gif [ctl0$CONTENU_PAGE$buttonIceOk] |  [ctl0$CONTENU_PAGE$refreshListPays] | themes/images/bouton-ok.gif [ctl0$CONTENU_PAGE$buttonidNationalOk];rien;
950760;p8x;absents;10;-;False;False;False;False;False;True;False;False;False;False;False;False;False;53712;"Vous n'êtes pas authentifié -> javascript:;//ctl0_bandeauEntreprise_ctl1 | PORTAIL -> pmmp | S'identifier -> javascript:;//ctl0_menuGaucheEntreprise_ctl0 | Mon panier -> toggleMenu( | Consultations -> javascript:void(0); | Toutes les consultations -> ?page=entreprise.EntrepriseAdvancedSearch&amp;panierEntreprise | Avec -> ?page=entreprise.EntrepriseAdvancedSearch&amp;panierEntreprise&amp;retraits | sans retrait -> ?page=entreprise.EntrepriseAdvancedSearch&amp;panierEntreprise&amp;sansRetraits | Avec -> ?page=entreprise.EntrepriseAdvancedSearch&amp;panierEntreprise&amp;questions | sans question posée -> ?page=entreprise.EntrepriseAdvancedSearch&amp;panierEntreprise&amp;sansQuestions | Avec -> ?page=entreprise.EntrepriseAdvancedSearch&amp;panierEntreprise&amp;depots | sans dépôt -> ?page=entreprise.EntrepriseAdvancedSearch&amp;panierEntreprise&amp;sansDepots | Avec -> ?page=entreprise.Entr";themes/images/flag-fr.png [ctl0$bandeauEntreprise$langages$ctl0$flagImg] | themes/images/flag-ar.png [ctl0$bandeauEntreprise$langages$ctl1$flagImg] | themes/images/bouton-ok.gif [ctl0$menuGaucheEntreprise$imageOk] | themes/images/bouton-ok.gif [ctl0$CONTENU_PAGE$authentificationButton] | themes/images/bouton-ok.gif [ctl0$CONTENU_PAGE$buttonIceOk] |  [ctl0$CONTENU_PAGE$refreshListPays] | themes/images/bouton-ok.gif [ctl0$CONTENU_PAGE$buttonidNationalOk];rien;
869578;p1v;absents;19;-;False;False;False;False;False;True;False;False;False;False;False;False;False;53712;"Vous n'êtes pas authentifié -> javascript:;//ctl0_bandeauEntreprise_ctl1 | PORTAIL -> pmmp | S'identifier -> javascript:;//ctl0_menuGaucheEntreprise_ctl0 | Mon panier -> toggleMenu( | Consultations -> javascript:void(0); | Toutes les consultations -> ?page=entreprise.EntrepriseAdvancedSearch&amp;panierEntreprise | Avec -> ?page=entreprise.EntrepriseAdvancedSearch&amp;panierEntreprise&amp;retraits | sans retrait -> ?page=entreprise.EntrepriseAdvancedSearch&amp;panierEntreprise&amp;sansRetraits | Avec -> ?page=entreprise.EntrepriseAdvancedSearch&amp;panierEntreprise&amp;questions | sans question posée -> ?page=entreprise.EntrepriseAdvancedSearch&amp;panierEntreprise&amp;sansQuestions | Avec -> ?page=entreprise.EntrepriseAdvancedSearch&amp;panierEntreprise&amp;depots | sans dépôt -> ?page=entreprise.EntrepriseAdvancedSearch&amp;panierEntreprise&amp;sansDepots | Avec -> ?page=entreprise.Entr";themes/images/flag-fr.png [ctl0$bandeauEntreprise$langages$ctl0$flagImg] | themes/images/flag-ar.png [ctl0$bandeauEntreprise$langages$ctl1$flagImg] | themes/images/bouton-ok.gif [ctl0$menuGaucheEntreprise$imageOk] | themes/images/bouton-ok.gif [ctl0$CONTENU_PAGE$authentificationButton] | themes/images/bouton-ok.gif [ctl0$CONTENU_PAGE$buttonIceOk] |  [ctl0$CONTENU_PAGE$refreshListPays] | themes/images/bouton-ok.gif [ctl0$CONTENU_PAGE$buttonidNationalOk];rien;
898504;z6n;absents;16;-;False;False;False;False;False;True;False;False;False;False;False;False;False;53712;"Vous n'êtes pas authentifié -> javascript:;//ctl0_bandeauEntreprise_ctl1 | PORTAIL -> pmmp | S'identifier -> javascript:;//ctl0_menuGaucheEntreprise_ctl0 | Mon panier -> toggleMenu( | Consultations -> javascript:void(0); | Toutes les consultations -> ?page=entreprise.EntrepriseAdvancedSearch&amp;panierEntreprise | Avec -> ?page=entreprise.EntrepriseAdvancedSearch&amp;panierEntreprise&amp;retraits | sans retrait -> ?page=entreprise.EntrepriseAdvancedSearch&amp;panierEntreprise&amp;sansRetraits | Avec -> ?page=entreprise.EntrepriseAdvancedSearch&amp;panierEntreprise&amp;questions | sans question posée -> ?page=entreprise.EntrepriseAdvancedSearch&amp;panierEntreprise&amp;sansQuestions | Avec -> ?page=entreprise.EntrepriseAdvancedSearch&amp;panierEntreprise&amp;depots | sans dépôt -> ?page=entreprise.EntrepriseAdvancedSearch&amp;panierEntreprise&amp;sansDepots | Avec -> ?page=entreprise.Entr";themes/images/flag-fr.png [ctl0$bandeauEntreprise$langages$ctl0$flagImg] | themes/images/flag-ar.png [ctl0$bandeauEntreprise$langages$ctl1$flagImg] | themes/images/bouton-ok.gif [ctl0$menuGaucheEntreprise$imageOk] | themes/images/bouton-ok.gif [ctl0$CONTENU_PAGE$authentificationButton] | themes/images/bouton-ok.gif [ctl0$CONTENU_PAGE$buttonIceOk] |  [ctl0$CONTENU_PAGE$refreshListPays] | themes/images/bouton-ok.gif [ctl0$CONTENU_PAGE$buttonidNationalOk];rien;
932647;d4q;absents;11;-;False;False;False;False;False;True;False;False;False;False;False;False;False;53712;"Vous n'êtes pas authentifié -> javascript:;//ctl0_bandeauEntreprise_ctl1 | PORTAIL -> pmmp | S'identifier -> javascript:;//ctl0_menuGaucheEntreprise_ctl0 | Mon panier -> toggleMenu( | Consultations -> javascript:void(0); | Toutes les consultations -> ?page=entreprise.EntrepriseAdvancedSearch&amp;panierEntreprise | Avec -> ?page=entreprise.EntrepriseAdvancedSearch&amp;panierEntreprise&amp;retraits | sans retrait -> ?page=entreprise.EntrepriseAdvancedSearch&amp;panierEntreprise&amp;sansRetraits | Avec -> ?page=entreprise.EntrepriseAdvancedSearch&amp;panierEntreprise&amp;questions | sans question posée -> ?page=entreprise.EntrepriseAdvancedSearch&amp;panierEntreprise&amp;sansQuestions | Avec -> ?page=entreprise.EntrepriseAdvancedSearch&amp;panierEntreprise&amp;depots | sans dépôt -> ?page=entreprise.EntrepriseAdvancedSearch&amp;panierEntreprise&amp;sansDepots | Avec -> ?page=entreprise.Entr";themes/images/flag-fr.png [ctl0$bandeauEntreprise$langages$ctl0$flagImg] | themes/images/flag-ar.png [ctl0$bandeauEntreprise$langages$ctl1$flagImg] | themes/images/bouton-ok.gif [ctl0$menuGaucheEntreprise$imageOk] | themes/images/bouton-ok.gif [ctl0$CONTENU_PAGE$authentificationButton] | themes/images/bouton-ok.gif [ctl0$CONTENU_PAGE$buttonIceOk] |  [ctl0$CONTENU_PAGE$refreshListPays] | themes/images/bouton-ok.gif [ctl0$CONTENU_PAGE$buttonidNationalOk];rien;
915302;j8k;absents;14;-;False;False;False;False;False;True;False;False;False;False;False;False;False;53712;"Vous n'êtes pas authentifié -> javascript:;//ctl0_bandeauEntreprise_ctl1 | PORTAIL -> pmmp | S'identifier -> javascript:;//ctl0_menuGaucheEntreprise_ctl0 | Mon panier -> toggleMenu( | Consultations -> javascript:void(0); | Toutes les consultations -> ?page=entreprise.EntrepriseAdvancedSearch&amp;panierEntreprise | Avec -> ?page=entreprise.EntrepriseAdvancedSearch&amp;panierEntreprise&amp;retraits | sans retrait -> ?page=entreprise.EntrepriseAdvancedSearch&amp;panierEntreprise&amp;sansRetraits | Avec -> ?page=entreprise.EntrepriseAdvancedSearch&amp;panierEntreprise&amp;questions | sans question posée -> ?page=entreprise.EntrepriseAdvancedSearch&amp;panierEntreprise&amp;sansQuestions | Avec -> ?page=entreprise.EntrepriseAdvancedSearch&amp;panierEntreprise&amp;depots | sans dépôt -> ?page=entreprise.EntrepriseAdvancedSearch&amp;panierEntreprise&amp;sansDepots | Avec -> ?page=entreprise.Entr";themes/images/flag-fr.png [ctl0$bandeauEntreprise$langages$ctl0$flagImg] | themes/images/flag-ar.png [ctl0$bandeauEntreprise$langages$ctl1$flagImg] | themes/images/bouton-ok.gif [ctl0$menuGaucheEntreprise$imageOk] | themes/images/bouton-ok.gif [ctl0$CONTENU_PAGE$authentificationButton] | themes/images/bouton-ok.gif [ctl0$CONTENU_PAGE$buttonIceOk] |  [ctl0$CONTENU_PAGE$refreshListPays] | themes/images/bouton-ok.gif [ctl0$CONTENU_PAGE$buttonidNationalOk];rien;
955489;p8x;absents;10;-;False;False;False;False;False;True;False;False;False;False;False;False;False;53712;"Vous n'êtes pas authentifié -> javascript:;//ctl0_bandeauEntreprise_ctl1 | PORTAIL -> pmmp | S'identifier -> javascript:;//ctl0_menuGaucheEntreprise_ctl0 | Mon panier -> toggleMenu( | Consultations -> javascript:void(0); | Toutes les consultations -> ?page=entreprise.EntrepriseAdvancedSearch&amp;panierEntreprise | Avec -> ?page=entreprise.EntrepriseAdvancedSearch&amp;panierEntreprise&amp;retraits | sans retrait -> ?page=entreprise.EntrepriseAdvancedSearch&amp;panierEntreprise&amp;sansRetraits | Avec -> ?page=entreprise.EntrepriseAdvancedSearch&amp;panierEntreprise&amp;questions | sans question posée -> ?page=entreprise.EntrepriseAdvancedSearch&amp;panierEntreprise&amp;sansQuestions | Avec -> ?page=entreprise.EntrepriseAdvancedSearch&amp;panierEntreprise&amp;depots | sans dépôt -> ?page=entreprise.EntrepriseAdvancedSearch&amp;panierEntreprise&amp;sansDepots | Avec -> ?page=entreprise.Entr";themes/images/flag-fr.png [ctl0$bandeauEntreprise$langages$ctl0$flagImg] | themes/images/flag-ar.png [ctl0$bandeauEntreprise$langages$ctl1$flagImg] | themes/images/bouton-ok.gif [ctl0$menuGaucheEntreprise$imageOk] | themes/images/bouton-ok.gif [ctl0$CONTENU_PAGE$authentificationButton] | themes/images/bouton-ok.gif [ctl0$CONTENU_PAGE$buttonIceOk] |  [ctl0$CONTENU_PAGE$refreshListPays] | themes/images/bouton-ok.gif [ctl0$CONTENU_PAGE$buttonidNationalOk];rien;
979030;p8x;absents;7;-;False;False;False;False;False;True;False;False;False;False;False;False;False;53712;"Vous n'êtes pas authentifié -> javascript:;//ctl0_bandeauEntreprise_ctl1 | PORTAIL -> pmmp | S'identifier -> javascript:;//ctl0_menuGaucheEntreprise_ctl0 | Mon panier -> toggleMenu( | Consultations -> javascript:void(0); | Toutes les consultations -> ?page=entreprise.EntrepriseAdvancedSearch&amp;panierEntreprise | Avec -> ?page=entreprise.EntrepriseAdvancedSearch&amp;panierEntreprise&amp;retraits | sans retrait -> ?page=entreprise.EntrepriseAdvancedSearch&amp;panierEntreprise&amp;sansRetraits | Avec -> ?page=entreprise.EntrepriseAdvancedSearch&amp;panierEntreprise&amp;questions | sans question posée -> ?page=entreprise.EntrepriseAdvancedSearch&amp;panierEntreprise&amp;sansQuestions | Avec -> ?page=entreprise.EntrepriseAdvancedSearch&amp;panierEntreprise&amp;depots | sans dépôt -> ?page=entreprise.EntrepriseAdvancedSearch&amp;panierEntreprise&amp;sansDepots | Avec -> ?page=entreprise.Entr";themes/images/flag-fr.png [ctl0$bandeauEntreprise$langages$ctl0$flagImg] | themes/images/flag-ar.png [ctl0$bandeauEntreprise$langages$ctl1$flagImg] | themes/images/bouton-ok.gif [ctl0$menuGaucheEntreprise$imageOk] | themes/images/bouton-ok.gif [ctl0$CONTENU_PAGE$authentificationButton] | themes/images/bouton-ok.gif [ctl0$CONTENU_PAGE$buttonIceOk] |  [ctl0$CONTENU_PAGE$refreshListPays] | themes/images/bouton-ok.gif [ctl0$CONTENU_PAGE$buttonidNationalOk];rien;
888093;p8x;absents;16;-;False;False;False;False;False;True;False;False;False;False;False;False;False;53712;"Vous n'êtes pas authentifié -> javascript:;//ctl0_bandeauEntreprise_ctl1 | PORTAIL -> pmmp | S'identifier -> javascript:;//ctl0_menuGaucheEntreprise_ctl0 | Mon panier -> toggleMenu( | Consultations -> javascript:void(0); | Toutes les consultations -> ?page=entreprise.EntrepriseAdvancedSearch&amp;panierEntreprise | Avec -> ?page=entreprise.EntrepriseAdvancedSearch&amp;panierEntreprise&amp;retraits | sans retrait -> ?page=entreprise.EntrepriseAdvancedSearch&amp;panierEntreprise&amp;sansRetraits | Avec -> ?page=entreprise.EntrepriseAdvancedSearch&amp;panierEntreprise&amp;questions | sans question posée -> ?page=entreprise.EntrepriseAdvancedSearch&amp;panierEntreprise&amp;sansQuestions | Avec -> ?page=entreprise.EntrepriseAdvancedSearch&amp;panierEntreprise&amp;depots | sans dépôt -> ?page=entreprise.EntrepriseAdvancedSearch&amp;panierEntreprise&amp;sansDepots | Avec -> ?page=entreprise.Entr";themes/images/flag-fr.png [ctl0$bandeauEntreprise$langages$ctl0$flagImg] | themes/images/flag-ar.png [ctl0$bandeauEntreprise$langages$ctl1$flagImg] | themes/images/bouton-ok.gif [ctl0$menuGaucheEntreprise$imageOk] | themes/images/bouton-ok.gif [ctl0$CONTENU_PAGE$authentificationButton] | themes/images/bouton-ok.gif [ctl0$CONTENU_PAGE$buttonIceOk] |  [ctl0$CONTENU_PAGE$refreshListPays] | themes/images/bouton-ok.gif [ctl0$CONTENU_PAGE$buttonidNationalOk];rien;
934722;d4q;absents;11;-;False;False;False;False;False;True;False;False;False;False;False;False;False;53712;"Vous n'êtes pas authentifié -> javascript:;//ctl0_bandeauEntreprise_ctl1 | PORTAIL -> pmmp | S'identifier -> javascript:;//ctl0_menuGaucheEntreprise_ctl0 | Mon panier -> toggleMenu( | Consultations -> javascript:void(0); | Toutes les consultations -> ?page=entreprise.EntrepriseAdvancedSearch&amp;panierEntreprise | Avec -> ?page=entreprise.EntrepriseAdvancedSearch&amp;panierEntreprise&amp;retraits | sans retrait -> ?page=entreprise.EntrepriseAdvancedSearch&amp;panierEntreprise&amp;sansRetraits | Avec -> ?page=entreprise.EntrepriseAdvancedSearch&amp;panierEntreprise&amp;questions | sans question posée -> ?page=entreprise.EntrepriseAdvancedSearch&amp;panierEntreprise&amp;sansQuestions | Avec -> ?page=entreprise.EntrepriseAdvancedSearch&amp;panierEntreprise&amp;depots | sans dépôt -> ?page=entreprise.EntrepriseAdvancedSearch&amp;panierEntreprise&amp;sansDepots | Avec -> ?page=entreprise.Entr";themes/images/flag-fr.png [ctl0$bandeauEntreprise$langages$ctl0$flagImg] | themes/images/flag-ar.png [ctl0$bandeauEntreprise$langages$ctl1$flagImg] | themes/images/bouton-ok.gif [ctl0$menuGaucheEntreprise$imageOk] | themes/images/bouton-ok.gif [ctl0$CONTENU_PAGE$authentificationButton] | themes/images/bouton-ok.gif [ctl0$CONTENU_PAGE$buttonIceOk] |  [ctl0$CONTENU_PAGE$refreshListPays] | themes/images/bouton-ok.gif [ctl0$CONTENU_PAGE$buttonidNationalOk];rien;
973016;j8k;absents;7;-;False;False;False;False;False;True;False;False;False;False;False;False;False;53712;"Vous n'êtes pas authentifié -> javascript:;//ctl0_bandeauEntreprise_ctl1 | PORTAIL -> pmmp | S'identifier -> javascript:;//ctl0_menuGaucheEntreprise_ctl0 | Mon panier -> toggleMenu( | Consultations -> javascript:void(0); | Toutes les consultations -> ?page=entreprise.EntrepriseAdvancedSearch&amp;panierEntreprise | Avec -> ?page=entreprise.EntrepriseAdvancedSearch&amp;panierEntreprise&amp;retraits | sans retrait -> ?page=entreprise.EntrepriseAdvancedSearch&amp;panierEntreprise&amp;sansRetraits | Avec -> ?page=entreprise.EntrepriseAdvancedSearch&amp;panierEntreprise&amp;questions | sans question posée -> ?page=entreprise.EntrepriseAdvancedSearch&amp;panierEntreprise&amp;sansQuestions | Avec -> ?page=entreprise.EntrepriseAdvancedSearch&amp;panierEntreprise&amp;depots | sans dépôt -> ?page=entreprise.EntrepriseAdvancedSearch&amp;panierEntreprise&amp;sansDepots | Avec -> ?page=entreprise.Entr";themes/images/flag-fr.png [ctl0$bandeauEntreprise$langages$ctl0$flagImg] | themes/images/flag-ar.png [ctl0$bandeauEntreprise$langages$ctl1$flagImg] | themes/images/bouton-ok.gif [ctl0$menuGaucheEntreprise$imageOk] | themes/images/bouton-ok.gif [ctl0$CONTENU_PAGE$authentificationButton] | themes/images/bouton-ok.gif [ctl0$CONTENU_PAGE$buttonIceOk] |  [ctl0$CONTENU_PAGE$refreshListPays] | themes/images/bouton-ok.gif [ctl0$CONTENU_PAGE$buttonidNationalOk];rien;
854131;d4q;absents;21;-;False;False;False;False;False;True;False;False;False;False;False;False;False;53712;"Vous n'êtes pas authentifié -> javascript:;//ctl0_bandeauEntreprise_ctl1 | PORTAIL -> pmmp | S'identifier -> javascript:;//ctl0_menuGaucheEntreprise_ctl0 | Mon panier -> toggleMenu( | Consultations -> javascript:void(0); | Toutes les consultations -> ?page=entreprise.EntrepriseAdvancedSearch&amp;panierEntreprise | Avec -> ?page=entreprise.EntrepriseAdvancedSearch&amp;panierEntreprise&amp;retraits | sans retrait -> ?page=entreprise.EntrepriseAdvancedSearch&amp;panierEntreprise&amp;sansRetraits | Avec -> ?page=entreprise.EntrepriseAdvancedSearch&amp;panierEntreprise&amp;questions | sans question posée -> ?page=entreprise.EntrepriseAdvancedSearch&amp;panierEntreprise&amp;sansQuestions | Avec -> ?page=entreprise.EntrepriseAdvancedSearch&amp;panierEntreprise&amp;depots | sans dépôt -> ?page=entreprise.EntrepriseAdvancedSearch&amp;panierEntreprise&amp;sansDepots | Avec -> ?page=entreprise.Entr";themes/images/flag-fr.png [ctl0$bandeauEntreprise$langages$ctl0$flagImg] | themes/images/flag-ar.png [ctl0$bandeauEntreprise$langages$ctl1$flagImg] | themes/images/bouton-ok.gif [ctl0$menuGaucheEntreprise$imageOk] | themes/images/bouton-ok.gif [ctl0$CONTENU_PAGE$authentificationButton] | themes/images/bouton-ok.gif [ctl0$CONTENU_PAGE$buttonIceOk] |  [ctl0$CONTENU_PAGE$refreshListPays] | themes/images/bouton-ok.gif [ctl0$CONTENU_PAGE$buttonidNationalOk];rien;
910147;p8x;absents;15;-;False;False;False;False;False;True;False;False;False;False;False;False;False;53712;"Vous n'êtes pas authentifié -> javascript:;//ctl0_bandeauEntreprise_ctl1 | PORTAIL -> pmmp | S'identifier -> javascript:;//ctl0_menuGaucheEntreprise_ctl0 | Mon panier -> toggleMenu( | Consultations -> javascript:void(0); | Toutes les consultations -> ?page=entreprise.EntrepriseAdvancedSearch&amp;panierEntreprise | Avec -> ?page=entreprise.EntrepriseAdvancedSearch&amp;panierEntreprise&amp;retraits | sans retrait -> ?page=entreprise.EntrepriseAdvancedSearch&amp;panierEntreprise&amp;sansRetraits | Avec -> ?page=entreprise.EntrepriseAdvancedSearch&amp;panierEntreprise&amp;questions | sans question posée -> ?page=entreprise.EntrepriseAdvancedSearch&amp;panierEntreprise&amp;sansQuestions | Avec -> ?page=entreprise.EntrepriseAdvancedSearch&amp;panierEntreprise&amp;depots | sans dépôt -> ?page=entreprise.EntrepriseAdvancedSearch&amp;panierEntreprise&amp;sansDepots | Avec -> ?page=entreprise.Entr";themes/images/flag-fr.png [ctl0$bandeauEntreprise$langages$ctl0$flagImg] | themes/images/flag-ar.png [ctl0$bandeauEntreprise$langages$ctl1$flagImg] | themes/images/bouton-ok.gif [ctl0$menuGaucheEntreprise$imageOk] | themes/images/bouton-ok.gif [ctl0$CONTENU_PAGE$authentificationButton] | themes/images/bouton-ok.gif [ctl0$CONTENU_PAGE$buttonIceOk] |  [ctl0$CONTENU_PAGE$refreshListPays] | themes/images/bouton-ok.gif [ctl0$CONTENU_PAGE$buttonidNationalOk];rien;
830475;e5w;absents;24;-;False;False;False;False;False;True;False;False;False;False;False;False;False;53712;"Vous n'êtes pas authentifié -> javascript:;//ctl0_bandeauEntreprise_ctl1 | PORTAIL -> pmmp | S'identifier -> javascript:;//ctl0_menuGaucheEntreprise_ctl0 | Mon panier -> toggleMenu( | Consultations -> javascript:void(0); | Toutes les consultations -> ?page=entreprise.EntrepriseAdvancedSearch&amp;panierEntreprise | Avec -> ?page=entreprise.EntrepriseAdvancedSearch&amp;panierEntreprise&amp;retraits | sans retrait -> ?page=entreprise.EntrepriseAdvancedSearch&amp;panierEntreprise&amp;sansRetraits | Avec -> ?page=entreprise.EntrepriseAdvancedSearch&amp;panierEntreprise&amp;questions | sans question posée -> ?page=entreprise.EntrepriseAdvancedSearch&amp;panierEntreprise&amp;sansQuestions | Avec -> ?page=entreprise.EntrepriseAdvancedSearch&amp;panierEntreprise&amp;depots | sans dépôt -> ?page=entreprise.EntrepriseAdvancedSearch&amp;panierEntreprise&amp;sansDepots | Avec -> ?page=entreprise.Entr";themes/images/flag-fr.png [ctl0$bandeauEntreprise$langages$ctl0$flagImg] | themes/images/flag-ar.png [ctl0$bandeauEntreprise$langages$ctl1$flagImg] | themes/images/bouton-ok.gif [ctl0$menuGaucheEntreprise$imageOk] | themes/images/bouton-ok.gif [ctl0$CONTENU_PAGE$authentificationButton] | themes/images/bouton-ok.gif [ctl0$CONTENU_PAGE$buttonIceOk] |  [ctl0$CONTENU_PAGE$refreshListPays] | themes/images/bouton-ok.gif [ctl0$CONTENU_PAGE$buttonidNationalOk];rien;
903405;z7x;absents;15;-;False;False;False;False;False;True;False;False;False;False;False;False;False;53712;"Vous n'êtes pas authentifié -> javascript:;//ctl0_bandeauEntreprise_ctl1 | PORTAIL -> pmmp | S'identifier -> javascript:;//ctl0_menuGaucheEntreprise_ctl0 | Mon panier -> toggleMenu( | Consultations -> javascript:void(0); | Toutes les consultations -> ?page=entreprise.EntrepriseAdvancedSearch&amp;panierEntreprise | Avec -> ?page=entreprise.EntrepriseAdvancedSearch&amp;panierEntreprise&amp;retraits | sans retrait -> ?page=entreprise.EntrepriseAdvancedSearch&amp;panierEntreprise&amp;sansRetraits | Avec -> ?page=entreprise.EntrepriseAdvancedSearch&amp;panierEntreprise&amp;questions | sans question posée -> ?page=entreprise.EntrepriseAdvancedSearch&amp;panierEntreprise&amp;sansQuestions | Avec -> ?page=entreprise.EntrepriseAdvancedSearch&amp;panierEntreprise&amp;depots | sans dépôt -> ?page=entreprise.EntrepriseAdvancedSearch&amp;panierEntreprise&amp;sansDepots | Avec -> ?page=entreprise.Entr";themes/images/flag-fr.png [ctl0$bandeauEntreprise$langages$ctl0$flagImg] | themes/images/flag-ar.png [ctl0$bandeauEntreprise$langages$ctl1$flagImg] | themes/images/bouton-ok.gif [ctl0$menuGaucheEntreprise$imageOk] | themes/images/bouton-ok.gif [ctl0$CONTENU_PAGE$authentificationButton] | themes/images/bouton-ok.gif [ctl0$CONTENU_PAGE$buttonIceOk] |  [ctl0$CONTENU_PAGE$refreshListPays] | themes/images/bouton-ok.gif [ctl0$CONTENU_PAGE$buttonidNationalOk];rien;
886334;p8x;absents;17;-;False;False;False;False;False;True;False;False;False;False;False;False;False;53712;"Vous n'êtes pas authentifié -> javascript:;//ctl0_bandeauEntreprise_ctl1 | PORTAIL -> pmmp | S'identifier -> javascript:;//ctl0_menuGaucheEntreprise_ctl0 | Mon panier -> toggleMenu( | Consultations -> javascript:void(0); | Toutes les consultations -> ?page=entreprise.EntrepriseAdvancedSearch&amp;panierEntreprise | Avec -> ?page=entreprise.EntrepriseAdvancedSearch&amp;panierEntreprise&amp;retraits | sans retrait -> ?page=entreprise.EntrepriseAdvancedSearch&amp;panierEntreprise&amp;sansRetraits | Avec -> ?page=entreprise.EntrepriseAdvancedSearch&amp;panierEntreprise&amp;questions | sans question posée -> ?page=entreprise.EntrepriseAdvancedSearch&amp;panierEntreprise&amp;sansQuestions | Avec -> ?page=entreprise.EntrepriseAdvancedSearch&amp;panierEntreprise&amp;depots | sans dépôt -> ?page=entreprise.EntrepriseAdvancedSearch&amp;panierEntreprise&amp;sansDepots | Avec -> ?page=entreprise.Entr";themes/images/flag-fr.png [ctl0$bandeauEntreprise$langages$ctl0$flagImg] | themes/images/flag-ar.png [ctl0$bandeauEntreprise$langages$ctl1$flagImg] | themes/images/bouton-ok.gif [ctl0$menuGaucheEntreprise$imageOk] | themes/images/bouton-ok.gif [ctl0$CONTENU_PAGE$authentificationButton] | themes/images/bouton-ok.gif [ctl0$CONTENU_PAGE$buttonIceOk] |  [ctl0$CONTENU_PAGE$refreshListPays] | themes/images/bouton-ok.gif [ctl0$CONTENU_PAGE$buttonidNationalOk];rien;
847452;z7x;absents;22;-;False;False;False;False;False;True;False;False;False;False;False;False;False;53712;"Vous n'êtes pas authentifié -> javascript:;//ctl0_bandeauEntreprise_ctl1 | PORTAIL -> pmmp | S'identifier -> javascript:;//ctl0_menuGaucheEntreprise_ctl0 | Mon panier -> toggleMenu( | Consultations -> javascript:void(0); | Toutes les consultations -> ?page=entreprise.EntrepriseAdvancedSearch&amp;panierEntreprise | Avec -> ?page=entreprise.EntrepriseAdvancedSearch&amp;panierEntreprise&amp;retraits | sans retrait -> ?page=entreprise.EntrepriseAdvancedSearch&amp;panierEntreprise&amp;sansRetraits | Avec -> ?page=entreprise.EntrepriseAdvancedSearch&amp;panierEntreprise&amp;questions | sans question posée -> ?page=entreprise.EntrepriseAdvancedSearch&amp;panierEntreprise&amp;sansQuestions | Avec -> ?page=entreprise.EntrepriseAdvancedSearch&amp;panierEntreprise&amp;depots | sans dépôt -> ?page=entreprise.EntrepriseAdvancedSearch&amp;panierEntreprise&amp;sansDepots | Avec -> ?page=entreprise.Entr";themes/images/flag-fr.png [ctl0$bandeauEntreprise$langages$ctl0$flagImg] | themes/images/flag-ar.png [ctl0$bandeauEntreprise$langages$ctl1$flagImg] | themes/images/bouton-ok.gif [ctl0$menuGaucheEntreprise$imageOk] | themes/images/bouton-ok.gif [ctl0$CONTENU_PAGE$authentificationButton] | themes/images/bouton-ok.gif [ctl0$CONTENU_PAGE$buttonIceOk] |  [ctl0$CONTENU_PAGE$refreshListPays] | themes/images/bouton-ok.gif [ctl0$CONTENU_PAGE$buttonidNationalOk];rien;
982564;d4q;lots;6;4 Lots;True;True;True;True;False;True;False;False;False;True;True;False;False;101437;"Vous n'êtes pas authentifié -> javascript:;//ctl0_bandeauEntreprise_ctl1 | PORTAIL -> pmmp | S'identifier -> javascript:;//ctl0_menuGaucheEntreprise_ctl0 | Mon panier -> toggleMenu( | Consultations -> javascript:void(0); | Toutes les consultations -> ?page=entreprise.EntrepriseAdvancedSearch&amp;panierEntreprise | Avec -> ?page=entreprise.EntrepriseAdvancedSearch&amp;panierEntreprise&amp;retraits | sans retrait -> ?page=entreprise.EntrepriseAdvancedSearch&amp;panierEntreprise&amp;sansRetraits | Avec -> ?page=entreprise.EntrepriseAdvancedSearch&amp;panierEntreprise&amp;questions | sans question posée -> ?page=entreprise.EntrepriseAdvancedSearch&amp;panierEntreprise&amp;sansQuestions | Avec -> ?page=entreprise.EntrepriseAdvancedSearch&amp;panierEntreprise&amp;depots | sans dépôt -> ?page=entreprise.EntrepriseAdvancedSearch&amp;panierEntreprise&amp;sansDepots | Avec -> ?page=entreprise.Entr";themes/images/flag-fr.png [ctl0$bandeauEntreprise$langages$ctl0$flagImg] | themes/images/flag-ar.png [ctl0$bandeauEntreprise$langages$ctl1$flagImg] | themes/images/bouton-ok.gif [ctl0$menuGaucheEntreprise$imageOk] | Valider [ctl0$CONTENU_PAGE$consultationPublicationSupport$supprimerPu];46 concurrents;41
1018009;p8x;lots;2;2 Lots;True;True;True;True;False;True;False;False;False;True;True;False;False;74085;"Vous n'êtes pas authentifié -> javascript:;//ctl0_bandeauEntreprise_ctl1 | PORTAIL -> pmmp | S'identifier -> javascript:;//ctl0_menuGaucheEntreprise_ctl0 | Mon panier -> toggleMenu( | Consultations -> javascript:void(0); | Toutes les consultations -> ?page=entreprise.EntrepriseAdvancedSearch&amp;panierEntreprise | Avec -> ?page=entreprise.EntrepriseAdvancedSearch&amp;panierEntreprise&amp;retraits | sans retrait -> ?page=entreprise.EntrepriseAdvancedSearch&amp;panierEntreprise&amp;sansRetraits | Avec -> ?page=entreprise.EntrepriseAdvancedSearch&amp;panierEntreprise&amp;questions | sans question posée -> ?page=entreprise.EntrepriseAdvancedSearch&amp;panierEntreprise&amp;sansQuestions | Avec -> ?page=entreprise.EntrepriseAdvancedSearch&amp;panierEntreprise&amp;depots | sans dépôt -> ?page=entreprise.EntrepriseAdvancedSearch&amp;panierEntreprise&amp;sansDepots | Avec -> ?page=entreprise.Entr";themes/images/flag-fr.png [ctl0$bandeauEntreprise$langages$ctl0$flagImg] | themes/images/flag-ar.png [ctl0$bandeauEntreprise$langages$ctl1$flagImg] | themes/images/bouton-ok.gif [ctl0$menuGaucheEntreprise$imageOk] | Valider [ctl0$CONTENU_PAGE$consultationPublicationSupport$supprimerPu];6 concurrents;4
985271;w7t;lots;6;15 Lots;True;True;True;True;False;True;False;False;False;True;True;False;False;88105;"Vous n'êtes pas authentifié -> javascript:;//ctl0_bandeauEntreprise_ctl1 | PORTAIL -> pmmp | S'identifier -> javascript:;//ctl0_menuGaucheEntreprise_ctl0 | Mon panier -> toggleMenu( | Consultations -> javascript:void(0); | Toutes les consultations -> ?page=entreprise.EntrepriseAdvancedSearch&amp;panierEntreprise | Avec -> ?page=entreprise.EntrepriseAdvancedSearch&amp;panierEntreprise&amp;retraits | sans retrait -> ?page=entreprise.EntrepriseAdvancedSearch&amp;panierEntreprise&amp;sansRetraits | Avec -> ?page=entreprise.EntrepriseAdvancedSearch&amp;panierEntreprise&amp;questions | sans question posée -> ?page=entreprise.EntrepriseAdvancedSearch&amp;panierEntreprise&amp;sansQuestions | Avec -> ?page=entreprise.EntrepriseAdvancedSearch&amp;panierEntreprise&amp;depots | sans dépôt -> ?page=entreprise.EntrepriseAdvancedSearch&amp;panierEntreprise&amp;sansDepots | Avec -> ?page=entreprise.Entr";themes/images/flag-fr.png [ctl0$bandeauEntreprise$langages$ctl0$flagImg] | themes/images/flag-ar.png [ctl0$bandeauEntreprise$langages$ctl1$flagImg] | themes/images/bouton-ok.gif [ctl0$menuGaucheEntreprise$imageOk] | Valider [ctl0$CONTENU_PAGE$consultationPublicationSupport$supprimerPu];23 concurrents;12
886928;q1s;lots;15;3 Lots;True;True;True;True;False;True;False;False;False;True;True;False;False;82177;"Vous n'êtes pas authentifié -> javascript:;//ctl0_bandeauEntreprise_ctl1 | PORTAIL -> pmmp | S'identifier -> javascript:;//ctl0_menuGaucheEntreprise_ctl0 | Mon panier -> toggleMenu( | Consultations -> javascript:void(0); | Toutes les consultations -> ?page=entreprise.EntrepriseAdvancedSearch&amp;panierEntreprise | Avec -> ?page=entreprise.EntrepriseAdvancedSearch&amp;panierEntreprise&amp;retraits | sans retrait -> ?page=entreprise.EntrepriseAdvancedSearch&amp;panierEntreprise&amp;sansRetraits | Avec -> ?page=entreprise.EntrepriseAdvancedSearch&amp;panierEntreprise&amp;questions | sans question posée -> ?page=entreprise.EntrepriseAdvancedSearch&amp;panierEntreprise&amp;sansQuestions | Avec -> ?page=entreprise.EntrepriseAdvancedSearch&amp;panierEntreprise&amp;depots | sans dépôt -> ?page=entreprise.EntrepriseAdvancedSearch&amp;panierEntreprise&amp;sansDepots | Avec -> ?page=entreprise.Entr";themes/images/flag-fr.png [ctl0$bandeauEntreprise$langages$ctl0$flagImg] | themes/images/flag-ar.png [ctl0$bandeauEntreprise$langages$ctl1$flagImg] | themes/images/bouton-ok.gif [ctl0$menuGaucheEntreprise$imageOk] | Valider [ctl0$CONTENU_PAGE$consultationPublicationSupport$supprimerPu];14 concurrents;10
981058;w7t;lots;6;4 Lots;True;True;True;True;False;True;False;False;False;True;True;False;False;133974;"Vous n'êtes pas authentifié -> javascript:;//ctl0_bandeauEntreprise_ctl1 | PORTAIL -> pmmp | S'identifier -> javascript:;//ctl0_menuGaucheEntreprise_ctl0 | Mon panier -> toggleMenu( | Consultations -> javascript:void(0); | Toutes les consultations -> ?page=entreprise.EntrepriseAdvancedSearch&amp;panierEntreprise | Avec -> ?page=entreprise.EntrepriseAdvancedSearch&amp;panierEntreprise&amp;retraits | sans retrait -> ?page=entreprise.EntrepriseAdvancedSearch&amp;panierEntreprise&amp;sansRetraits | Avec -> ?page=entreprise.EntrepriseAdvancedSearch&amp;panierEntreprise&amp;questions | sans question posée -> ?page=entreprise.EntrepriseAdvancedSearch&amp;panierEntreprise&amp;sansQuestions | Avec -> ?page=entreprise.EntrepriseAdvancedSearch&amp;panierEntreprise&amp;depots | sans dépôt -> ?page=entreprise.EntrepriseAdvancedSearch&amp;panierEntreprise&amp;sansDepots | Avec -> ?page=entreprise.Entr";themes/images/flag-fr.png [ctl0$bandeauEntreprise$langages$ctl0$flagImg] | themes/images/flag-ar.png [ctl0$bandeauEntreprise$langages$ctl1$flagImg] | themes/images/bouton-ok.gif [ctl0$menuGaucheEntreprise$imageOk] | Valider [ctl0$CONTENU_PAGE$consultationPublicationSupport$supprimerPu];85 concurrents;81
831374;q1s;lots;23;3 Lots;True;True;True;True;False;True;False;False;False;True;True;False;False;89973;"Vous n'êtes pas authentifié -> javascript:;//ctl0_bandeauEntreprise_ctl1 | PORTAIL -> pmmp | S'identifier -> javascript:;//ctl0_menuGaucheEntreprise_ctl0 | Mon panier -> toggleMenu( | Consultations -> javascript:void(0); | Toutes les consultations -> ?page=entreprise.EntrepriseAdvancedSearch&amp;panierEntreprise | Avec -> ?page=entreprise.EntrepriseAdvancedSearch&amp;panierEntreprise&amp;retraits | sans retrait -> ?page=entreprise.EntrepriseAdvancedSearch&amp;panierEntreprise&amp;sansRetraits | Avec -> ?page=entreprise.EntrepriseAdvancedSearch&amp;panierEntreprise&amp;questions | sans question posée -> ?page=entreprise.EntrepriseAdvancedSearch&amp;panierEntreprise&amp;sansQuestions | Avec -> ?page=entreprise.EntrepriseAdvancedSearch&amp;panierEntreprise&amp;depots | sans dépôt -> ?page=entreprise.EntrepriseAdvancedSearch&amp;panierEntreprise&amp;sansDepots | Avec -> ?page=entreprise.Entr";themes/images/flag-fr.png [ctl0$bandeauEntreprise$langages$ctl0$flagImg] | themes/images/flag-ar.png [ctl0$bandeauEntreprise$langages$ctl1$flagImg] | themes/images/bouton-ok.gif [ctl0$menuGaucheEntreprise$imageOk] | Valider [ctl0$CONTENU_PAGE$consultationPublicationSupport$supprimerPu];32 concurrents;18
944401;w7t;lots;10;2 Lots;True;True;True;True;False;True;False;False;False;True;True;False;False;108266;"Vous n'êtes pas authentifié -> javascript:;//ctl0_bandeauEntreprise_ctl1 | PORTAIL -> pmmp | S'identifier -> javascript:;//ctl0_menuGaucheEntreprise_ctl0 | Mon panier -> toggleMenu( | Consultations -> javascript:void(0); | Toutes les consultations -> ?page=entreprise.EntrepriseAdvancedSearch&amp;panierEntreprise | Avec -> ?page=entreprise.EntrepriseAdvancedSearch&amp;panierEntreprise&amp;retraits | sans retrait -> ?page=entreprise.EntrepriseAdvancedSearch&amp;panierEntreprise&amp;sansRetraits | Avec -> ?page=entreprise.EntrepriseAdvancedSearch&amp;panierEntreprise&amp;questions | sans question posée -> ?page=entreprise.EntrepriseAdvancedSearch&amp;panierEntreprise&amp;sansQuestions | Avec -> ?page=entreprise.EntrepriseAdvancedSearch&amp;panierEntreprise&amp;depots | sans dépôt -> ?page=entreprise.EntrepriseAdvancedSearch&amp;panierEntreprise&amp;sansDepots | Avec -> ?page=entreprise.Entr";themes/images/flag-fr.png [ctl0$bandeauEntreprise$langages$ctl0$flagImg] | themes/images/flag-ar.png [ctl0$bandeauEntreprise$langages$ctl1$flagImg] | themes/images/bouton-ok.gif [ctl0$menuGaucheEntreprise$imageOk] | Valider [ctl0$CONTENU_PAGE$consultationPublicationSupport$supprimerPu];38 concurrents;35
990179;f9f;lots;5;2 Lots;True;True;True;True;False;True;False;False;False;True;True;False;False;88980;"Vous n'êtes pas authentifié -> javascript:;//ctl0_bandeauEntreprise_ctl1 | PORTAIL -> pmmp | S'identifier -> javascript:;//ctl0_menuGaucheEntreprise_ctl0 | Mon panier -> toggleMenu( | Consultations -> javascript:void(0); | Toutes les consultations -> ?page=entreprise.EntrepriseAdvancedSearch&amp;panierEntreprise | Avec -> ?page=entreprise.EntrepriseAdvancedSearch&amp;panierEntreprise&amp;retraits | sans retrait -> ?page=entreprise.EntrepriseAdvancedSearch&amp;panierEntreprise&amp;sansRetraits | Avec -> ?page=entreprise.EntrepriseAdvancedSearch&amp;panierEntreprise&amp;questions | sans question posée -> ?page=entreprise.EntrepriseAdvancedSearch&amp;panierEntreprise&amp;sansQuestions | Avec -> ?page=entreprise.EntrepriseAdvancedSearch&amp;panierEntreprise&amp;depots | sans dépôt -> ?page=entreprise.EntrepriseAdvancedSearch&amp;panierEntreprise&amp;sansDepots | Avec -> ?page=entreprise.Entr";themes/images/flag-fr.png [ctl0$bandeauEntreprise$langages$ctl0$flagImg] | themes/images/flag-ar.png [ctl0$bandeauEntreprise$langages$ctl1$flagImg] | themes/images/bouton-ok.gif [ctl0$menuGaucheEntreprise$imageOk] | Valider [ctl0$CONTENU_PAGE$consultationPublicationSupport$supprimerPu];24 concurrents;22
1030612;g8e;lots;1;2 Lots;True;True;True;True;False;True;False;False;False;True;True;False;False;74670;"Vous n'êtes pas authentifié -> javascript:;//ctl0_bandeauEntreprise_ctl1 | PORTAIL -> pmmp | S'identifier -> javascript:;//ctl0_menuGaucheEntreprise_ctl0 | Mon panier -> toggleMenu( | Consultations -> javascript:void(0); | Toutes les consultations -> ?page=entreprise.EntrepriseAdvancedSearch&amp;panierEntreprise | Avec -> ?page=entreprise.EntrepriseAdvancedSearch&amp;panierEntreprise&amp;retraits | sans retrait -> ?page=entreprise.EntrepriseAdvancedSearch&amp;panierEntreprise&amp;sansRetraits | Avec -> ?page=entreprise.EntrepriseAdvancedSearch&amp;panierEntreprise&amp;questions | sans question posée -> ?page=entreprise.EntrepriseAdvancedSearch&amp;panierEntreprise&amp;sansQuestions | Avec -> ?page=entreprise.EntrepriseAdvancedSearch&amp;panierEntreprise&amp;depots | sans dépôt -> ?page=entreprise.EntrepriseAdvancedSearch&amp;panierEntreprise&amp;sansDepots | Avec -> ?page=entreprise.Entr";themes/images/flag-fr.png [ctl0$bandeauEntreprise$langages$ctl0$flagImg] | themes/images/flag-ar.png [ctl0$bandeauEntreprise$langages$ctl1$flagImg] | themes/images/bouton-ok.gif [ctl0$menuGaucheEntreprise$imageOk] | Valider [ctl0$CONTENU_PAGE$consultationPublicationSupport$supprimerPu];8 concurrents;6
919241;w7t;lots;13;13 Lots;True;True;True;True;False;True;False;False;False;True;True;False;False;77273;"Vous n'êtes pas authentifié -> javascript:;//ctl0_bandeauEntreprise_ctl1 | PORTAIL -> pmmp | S'identifier -> javascript:;//ctl0_menuGaucheEntreprise_ctl0 | Mon panier -> toggleMenu( | Consultations -> javascript:void(0); | Toutes les consultations -> ?page=entreprise.EntrepriseAdvancedSearch&amp;panierEntreprise | Avec -> ?page=entreprise.EntrepriseAdvancedSearch&amp;panierEntreprise&amp;retraits | sans retrait -> ?page=entreprise.EntrepriseAdvancedSearch&amp;panierEntreprise&amp;sansRetraits | Avec -> ?page=entreprise.EntrepriseAdvancedSearch&amp;panierEntreprise&amp;questions | sans question posée -> ?page=entreprise.EntrepriseAdvancedSearch&amp;panierEntreprise&amp;sansQuestions | Avec -> ?page=entreprise.EntrepriseAdvancedSearch&amp;panierEntreprise&amp;depots | sans dépôt -> ?page=entreprise.EntrepriseAdvancedSearch&amp;panierEntreprise&amp;sansDepots | Avec -> ?page=entreprise.Entr";themes/images/flag-fr.png [ctl0$bandeauEntreprise$langages$ctl0$flagImg] | themes/images/flag-ar.png [ctl0$bandeauEntreprise$langages$ctl1$flagImg] | themes/images/bouton-ok.gif [ctl0$menuGaucheEntreprise$imageOk] | Valider [ctl0$CONTENU_PAGE$consultationPublicationSupport$supprimerPu];8 concurrents;1
891024;g3h;lots;16;4 Lots;True;True;True;True;False;True;False;False;False;True;True;False;False;86845;"Vous n'êtes pas authentifié -> javascript:;//ctl0_bandeauEntreprise_ctl1 | PORTAIL -> pmmp | S'identifier -> javascript:;//ctl0_menuGaucheEntreprise_ctl0 | Mon panier -> toggleMenu( | Consultations -> javascript:void(0); | Toutes les consultations -> ?page=entreprise.EntrepriseAdvancedSearch&amp;panierEntreprise | Avec -> ?page=entreprise.EntrepriseAdvancedSearch&amp;panierEntreprise&amp;retraits | sans retrait -> ?page=entreprise.EntrepriseAdvancedSearch&amp;panierEntreprise&amp;sansRetraits | Avec -> ?page=entreprise.EntrepriseAdvancedSearch&amp;panierEntreprise&amp;questions | sans question posée -> ?page=entreprise.EntrepriseAdvancedSearch&amp;panierEntreprise&amp;sansQuestions | Avec -> ?page=entreprise.EntrepriseAdvancedSearch&amp;panierEntreprise&amp;depots | sans dépôt -> ?page=entreprise.EntrepriseAdvancedSearch&amp;panierEntreprise&amp;sansDepots | Avec -> ?page=entreprise.Entr";themes/images/flag-fr.png [ctl0$bandeauEntreprise$langages$ctl0$flagImg] | themes/images/flag-ar.png [ctl0$bandeauEntreprise$langages$ctl1$flagImg] | themes/images/bouton-ok.gif [ctl0$menuGaucheEntreprise$imageOk] | Valider [ctl0$CONTENU_PAGE$consultationPublicationSupport$supprimerPu];21 concurrents;15
904239;p8x;lots;15;9 Lots;True;True;True;True;False;True;False;False;False;True;True;False;False;104362;"Vous n'êtes pas authentifié -> javascript:;//ctl0_bandeauEntreprise_ctl1 | PORTAIL -> pmmp | S'identifier -> javascript:;//ctl0_menuGaucheEntreprise_ctl0 | Mon panier -> toggleMenu( | Consultations -> javascript:void(0); | Toutes les consultations -> ?page=entreprise.EntrepriseAdvancedSearch&amp;panierEntreprise | Avec -> ?page=entreprise.EntrepriseAdvancedSearch&amp;panierEntreprise&amp;retraits | sans retrait -> ?page=entreprise.EntrepriseAdvancedSearch&amp;panierEntreprise&amp;sansRetraits | Avec -> ?page=entreprise.EntrepriseAdvancedSearch&amp;panierEntreprise&amp;questions | sans question posée -> ?page=entreprise.EntrepriseAdvancedSearch&amp;panierEntreprise&amp;sansQuestions | Avec -> ?page=entreprise.EntrepriseAdvancedSearch&amp;panierEntreprise&amp;depots | sans dépôt -> ?page=entreprise.EntrepriseAdvancedSearch&amp;panierEntreprise&amp;sansDepots | Avec -> ?page=entreprise.Entr";themes/images/flag-fr.png [ctl0$bandeauEntreprise$langages$ctl0$flagImg] | themes/images/flag-ar.png [ctl0$bandeauEntreprise$langages$ctl1$flagImg] | themes/images/bouton-ok.gif [ctl0$menuGaucheEntreprise$imageOk] | Valider [ctl0$CONTENU_PAGE$consultationPublicationSupport$supprimerPu];41 concurrents;25
971236;q1s;lots;6;2 Lots;True;True;True;True;False;True;False;False;False;True;True;False;False;136397;"Vous n'êtes pas authentifié -> javascript:;//ctl0_bandeauEntreprise_ctl1 | PORTAIL -> pmmp | S'identifier -> javascript:;//ctl0_menuGaucheEntreprise_ctl0 | Mon panier -> toggleMenu( | Consultations -> javascript:void(0); | Toutes les consultations -> ?page=entreprise.EntrepriseAdvancedSearch&amp;panierEntreprise | Avec -> ?page=entreprise.EntrepriseAdvancedSearch&amp;panierEntreprise&amp;retraits | sans retrait -> ?page=entreprise.EntrepriseAdvancedSearch&amp;panierEntreprise&amp;sansRetraits | Avec -> ?page=entreprise.EntrepriseAdvancedSearch&amp;panierEntreprise&amp;questions | sans question posée -> ?page=entreprise.EntrepriseAdvancedSearch&amp;panierEntreprise&amp;sansQuestions | Avec -> ?page=entreprise.EntrepriseAdvancedSearch&amp;panierEntreprise&amp;depots | sans dépôt -> ?page=entreprise.EntrepriseAdvancedSearch&amp;panierEntreprise&amp;sansDepots | Avec -> ?page=entreprise.Entr";themes/images/flag-fr.png [ctl0$bandeauEntreprise$langages$ctl0$flagImg] | themes/images/flag-ar.png [ctl0$bandeauEntreprise$langages$ctl1$flagImg] | themes/images/bouton-ok.gif [ctl0$menuGaucheEntreprise$imageOk] | Valider [ctl0$CONTENU_PAGE$consultationPublicationSupport$supprimerPu];79 concurrents;75
990526;w7t;lots;5;2 Lots;True;True;True;True;False;True;False;False;False;True;True;False;False;91538;"Vous n'êtes pas authentifié -> javascript:;//ctl0_bandeauEntreprise_ctl1 | PORTAIL -> pmmp | S'identifier -> javascript:;//ctl0_menuGaucheEntreprise_ctl0 | Mon panier -> toggleMenu( | Consultations -> javascript:void(0); | Toutes les consultations -> ?page=entreprise.EntrepriseAdvancedSearch&amp;panierEntreprise | Avec -> ?page=entreprise.EntrepriseAdvancedSearch&amp;panierEntreprise&amp;retraits | sans retrait -> ?page=entreprise.EntrepriseAdvancedSearch&amp;panierEntreprise&amp;sansRetraits | Avec -> ?page=entreprise.EntrepriseAdvancedSearch&amp;panierEntreprise&amp;questions | sans question posée -> ?page=entreprise.EntrepriseAdvancedSearch&amp;panierEntreprise&amp;sansQuestions | Avec -> ?page=entreprise.EntrepriseAdvancedSearch&amp;panierEntreprise&amp;depots | sans dépôt -> ?page=entreprise.EntrepriseAdvancedSearch&amp;panierEntreprise&amp;sansDepots | Avec -> ?page=entreprise.Entr";themes/images/flag-fr.png [ctl0$bandeauEntreprise$langages$ctl0$flagImg] | themes/images/flag-ar.png [ctl0$bandeauEntreprise$langages$ctl1$flagImg] | themes/images/bouton-ok.gif [ctl0$menuGaucheEntreprise$imageOk] | Valider [ctl0$CONTENU_PAGE$consultationPublicationSupport$supprimerPu];24 concurrents;20
850478;w7t;lots;22;2 Lots;True;True;True;True;False;True;False;False;False;True;True;False;False;74363;"Vous n'êtes pas authentifié -> javascript:;//ctl0_bandeauEntreprise_ctl1 | PORTAIL -> pmmp | S'identifier -> javascript:;//ctl0_menuGaucheEntreprise_ctl0 | Mon panier -> toggleMenu( | Consultations -> javascript:void(0); | Toutes les consultations -> ?page=entreprise.EntrepriseAdvancedSearch&amp;panierEntreprise | Avec -> ?page=entreprise.EntrepriseAdvancedSearch&amp;panierEntreprise&amp;retraits | sans retrait -> ?page=entreprise.EntrepriseAdvancedSearch&amp;panierEntreprise&amp;sansRetraits | Avec -> ?page=entreprise.EntrepriseAdvancedSearch&amp;panierEntreprise&amp;questions | sans question posée -> ?page=entreprise.EntrepriseAdvancedSearch&amp;panierEntreprise&amp;sansQuestions | Avec -> ?page=entreprise.EntrepriseAdvancedSearch&amp;panierEntreprise&amp;depots | sans dépôt -> ?page=entreprise.EntrepriseAdvancedSearch&amp;panierEntreprise&amp;sansDepots | Avec -> ?page=entreprise.Entr";themes/images/flag-fr.png [ctl0$bandeauEntreprise$langages$ctl0$flagImg] | themes/images/flag-ar.png [ctl0$bandeauEntreprise$langages$ctl1$flagImg] | themes/images/bouton-ok.gif [ctl0$menuGaucheEntreprise$imageOk] | Valider [ctl0$CONTENU_PAGE$consultationPublicationSupport$supprimerPu];6 concurrents;4
1004224;w7t;lots;3;3 Lots;True;True;True;True;False;True;False;False;False;True;True;False;False;72936;"Vous n'êtes pas authentifié -> javascript:;//ctl0_bandeauEntreprise_ctl1 | PORTAIL -> pmmp | S'identifier -> javascript:;//ctl0_menuGaucheEntreprise_ctl0 | Mon panier -> toggleMenu( | Consultations -> javascript:void(0); | Toutes les consultations -> ?page=entreprise.EntrepriseAdvancedSearch&amp;panierEntreprise | Avec -> ?page=entreprise.EntrepriseAdvancedSearch&amp;panierEntreprise&amp;retraits | sans retrait -> ?page=entreprise.EntrepriseAdvancedSearch&amp;panierEntreprise&amp;sansRetraits | Avec -> ?page=entreprise.EntrepriseAdvancedSearch&amp;panierEntreprise&amp;questions | sans question posée -> ?page=entreprise.EntrepriseAdvancedSearch&amp;panierEntreprise&amp;sansQuestions | Avec -> ?page=entreprise.EntrepriseAdvancedSearch&amp;panierEntreprise&amp;depots | sans dépôt -> ?page=entreprise.EntrepriseAdvancedSearch&amp;panierEntreprise&amp;sansDepots | Avec -> ?page=entreprise.Entr";themes/images/flag-fr.png [ctl0$bandeauEntreprise$langages$ctl0$flagImg] | themes/images/flag-ar.png [ctl0$bandeauEntreprise$langages$ctl1$flagImg] | themes/images/bouton-ok.gif [ctl0$menuGaucheEntreprise$imageOk] | Valider [ctl0$CONTENU_PAGE$consultationPublicationSupport$supprimerPu];5 concurrents;2
869775;g3h;lots;18;12 Lots;True;True;True;True;False;True;False;False;False;True;True;False;False;88802;"Vous n'êtes pas authentifié -> javascript:;//ctl0_bandeauEntreprise_ctl1 | PORTAIL -> pmmp | S'identifier -> javascript:;//ctl0_menuGaucheEntreprise_ctl0 | Mon panier -> toggleMenu( | Consultations -> javascript:void(0); | Toutes les consultations -> ?page=entreprise.EntrepriseAdvancedSearch&amp;panierEntreprise | Avec -> ?page=entreprise.EntrepriseAdvancedSearch&amp;panierEntreprise&amp;retraits | sans retrait -> ?page=entreprise.EntrepriseAdvancedSearch&amp;panierEntreprise&amp;sansRetraits | Avec -> ?page=entreprise.EntrepriseAdvancedSearch&amp;panierEntreprise&amp;questions | sans question posée -> ?page=entreprise.EntrepriseAdvancedSearch&amp;panierEntreprise&amp;sansQuestions | Avec -> ?page=entreprise.EntrepriseAdvancedSearch&amp;panierEntreprise&amp;depots | sans dépôt -> ?page=entreprise.EntrepriseAdvancedSearch&amp;panierEntreprise&amp;sansDepots | Avec -> ?page=entreprise.Entr";themes/images/flag-fr.png [ctl0$bandeauEntreprise$langages$ctl0$flagImg] | themes/images/flag-ar.png [ctl0$bandeauEntreprise$langages$ctl1$flagImg] | themes/images/bouton-ok.gif [ctl0$menuGaucheEntreprise$imageOk] | Valider [ctl0$CONTENU_PAGE$consultationPublicationSupport$supprimerPu];18 concurrents;5
893170;p8x;lots;16;2 Lots;True;True;True;True;False;True;False;False;False;True;True;False;False;118299;"Vous n'êtes pas authentifié -> javascript:;//ctl0_bandeauEntreprise_ctl1 | PORTAIL -> pmmp | S'identifier -> javascript:;//ctl0_menuGaucheEntreprise_ctl0 | Mon panier -> toggleMenu( | Consultations -> javascript:void(0); | Toutes les consultations -> ?page=entreprise.EntrepriseAdvancedSearch&amp;panierEntreprise | Avec -> ?page=entreprise.EntrepriseAdvancedSearch&amp;panierEntreprise&amp;retraits | sans retrait -> ?page=entreprise.EntrepriseAdvancedSearch&amp;panierEntreprise&amp;sansRetraits | Avec -> ?page=entreprise.EntrepriseAdvancedSearch&amp;panierEntreprise&amp;questions | sans question posée -> ?page=entreprise.EntrepriseAdvancedSearch&amp;panierEntreprise&amp;sansQuestions | Avec -> ?page=entreprise.EntrepriseAdvancedSearch&amp;panierEntreprise&amp;depots | sans dépôt -> ?page=entreprise.EntrepriseAdvancedSearch&amp;panierEntreprise&amp;sansDepots | Avec -> ?page=entreprise.Entr";themes/images/flag-fr.png [ctl0$bandeauEntreprise$langages$ctl0$flagImg] | themes/images/flag-ar.png [ctl0$bandeauEntreprise$langages$ctl1$flagImg] | themes/images/bouton-ok.gif [ctl0$menuGaucheEntreprise$imageOk] | Valider [ctl0$CONTENU_PAGE$consultationPublicationSupport$supprimerPu];60 concurrents;51
891778;p8x;lots;15;3 Lots;True;True;True;True;False;True;False;False;False;True;True;False;False;73543;"Vous n'êtes pas authentifié -> javascript:;//ctl0_bandeauEntreprise_ctl1 | PORTAIL -> pmmp | S'identifier -> javascript:;//ctl0_menuGaucheEntreprise_ctl0 | Mon panier -> toggleMenu( | Consultations -> javascript:void(0); | Toutes les consultations -> ?page=entreprise.EntrepriseAdvancedSearch&amp;panierEntreprise | Avec -> ?page=entreprise.EntrepriseAdvancedSearch&amp;panierEntreprise&amp;retraits | sans retrait -> ?page=entreprise.EntrepriseAdvancedSearch&amp;panierEntreprise&amp;sansRetraits | Avec -> ?page=entreprise.EntrepriseAdvancedSearch&amp;panierEntreprise&amp;questions | sans question posée -> ?page=entreprise.EntrepriseAdvancedSearch&amp;panierEntreprise&amp;sansQuestions | Avec -> ?page=entreprise.EntrepriseAdvancedSearch&amp;panierEntreprise&amp;depots | sans dépôt -> ?page=entreprise.EntrepriseAdvancedSearch&amp;panierEntreprise&amp;sansDepots | Avec -> ?page=entreprise.Entr";themes/images/flag-fr.png [ctl0$bandeauEntreprise$langages$ctl0$flagImg] | themes/images/flag-ar.png [ctl0$bandeauEntreprise$langages$ctl1$flagImg] | themes/images/bouton-ok.gif [ctl0$menuGaucheEntreprise$imageOk] | Valider [ctl0$CONTENU_PAGE$consultationPublicationSupport$supprimerPu];6 concurrents;2
941230;g3h;lots;10;3 Lots;True;True;True;True;False;True;False;False;False;True;True;False;False;70902;"Vous n'êtes pas authentifié -> javascript:;//ctl0_bandeauEntreprise_ctl1 | PORTAIL -> pmmp | S'identifier -> javascript:;//ctl0_menuGaucheEntreprise_ctl0 | Mon panier -> toggleMenu( | Consultations -> javascript:void(0); | Toutes les consultations -> ?page=entreprise.EntrepriseAdvancedSearch&amp;panierEntreprise | Avec -> ?page=entreprise.EntrepriseAdvancedSearch&amp;panierEntreprise&amp;retraits | sans retrait -> ?page=entreprise.EntrepriseAdvancedSearch&amp;panierEntreprise&amp;sansRetraits | Avec -> ?page=entreprise.EntrepriseAdvancedSearch&amp;panierEntreprise&amp;questions | sans question posée -> ?page=entreprise.EntrepriseAdvancedSearch&amp;panierEntreprise&amp;sansQuestions | Avec -> ?page=entreprise.EntrepriseAdvancedSearch&amp;panierEntreprise&amp;depots | sans dépôt -> ?page=entreprise.EntrepriseAdvancedSearch&amp;panierEntreprise&amp;sansDepots | Avec -> ?page=entreprise.Entr";themes/images/flag-fr.png [ctl0$bandeauEntreprise$langages$ctl0$flagImg] | themes/images/flag-ar.png [ctl0$bandeauEntreprise$langages$ctl1$flagImg] | themes/images/bouton-ok.gif [ctl0$menuGaucheEntreprise$imageOk] | Valider [ctl0$CONTENU_PAGE$consultationPublicationSupport$supprimerPu];4 concurrents;0
996082;q1s;lots;4;2 Lots;True;True;True;True;False;True;False;False;False;True;True;False;False;78666;"Vous n'êtes pas authentifié -> javascript:;//ctl0_bandeauEntreprise_ctl1 | PORTAIL -> pmmp | S'identifier -> javascript:;//ctl0_menuGaucheEntreprise_ctl0 | Mon panier -> toggleMenu( | Consultations -> javascript:void(0); | Toutes les consultations -> ?page=entreprise.EntrepriseAdvancedSearch&amp;panierEntreprise | Avec -> ?page=entreprise.EntrepriseAdvancedSearch&amp;panierEntreprise&amp;retraits | sans retrait -> ?page=entreprise.EntrepriseAdvancedSearch&amp;panierEntreprise&amp;sansRetraits | Avec -> ?page=entreprise.EntrepriseAdvancedSearch&amp;panierEntreprise&amp;questions | sans question posée -> ?page=entreprise.EntrepriseAdvancedSearch&amp;panierEntreprise&amp;sansQuestions | Avec -> ?page=entreprise.EntrepriseAdvancedSearch&amp;panierEntreprise&amp;depots | sans dépôt -> ?page=entreprise.EntrepriseAdvancedSearch&amp;panierEntreprise&amp;sansDepots | Avec -> ?page=entreprise.Entr";themes/images/flag-fr.png [ctl0$bandeauEntreprise$langages$ctl0$flagImg] | themes/images/flag-ar.png [ctl0$bandeauEntreprise$langages$ctl1$flagImg] | themes/images/bouton-ok.gif [ctl0$menuGaucheEntreprise$imageOk] | Valider [ctl0$CONTENU_PAGE$consultationPublicationSupport$supprimerPu];12 concurrents;10
893765;w7t;lots;16;4 Lots;True;True;True;True;False;True;False;False;False;True;True;False;False;89981;"Vous n'êtes pas authentifié -> javascript:;//ctl0_bandeauEntreprise_ctl1 | PORTAIL -> pmmp | S'identifier -> javascript:;//ctl0_menuGaucheEntreprise_ctl0 | Mon panier -> toggleMenu( | Consultations -> javascript:void(0); | Toutes les consultations -> ?page=entreprise.EntrepriseAdvancedSearch&amp;panierEntreprise | Avec -> ?page=entreprise.EntrepriseAdvancedSearch&amp;panierEntreprise&amp;retraits | sans retrait -> ?page=entreprise.EntrepriseAdvancedSearch&amp;panierEntreprise&amp;sansRetraits | Avec -> ?page=entreprise.EntrepriseAdvancedSearch&amp;panierEntreprise&amp;questions | sans question posée -> ?page=entreprise.EntrepriseAdvancedSearch&amp;panierEntreprise&amp;sansQuestions | Avec -> ?page=entreprise.EntrepriseAdvancedSearch&amp;panierEntreprise&amp;depots | sans dépôt -> ?page=entreprise.EntrepriseAdvancedSearch&amp;panierEntreprise&amp;sansDepots | Avec -> ?page=entreprise.Entr";themes/images/flag-fr.png [ctl0$bandeauEntreprise$langages$ctl0$flagImg] | themes/images/flag-ar.png [ctl0$bandeauEntreprise$langages$ctl1$flagImg] | themes/images/bouton-ok.gif [ctl0$menuGaucheEntreprise$imageOk] | Valider [ctl0$CONTENU_PAGE$consultationPublicationSupport$supprimerPu];27 concurrents;17
917476;q1s;lots;13;4 Lots;True;True;True;True;False;True;False;False;False;True;True;False;False;78066;"Vous n'êtes pas authentifié -> javascript:;//ctl0_bandeauEntreprise_ctl1 | PORTAIL -> pmmp | S'identifier -> javascript:;//ctl0_menuGaucheEntreprise_ctl0 | Mon panier -> toggleMenu( | Consultations -> javascript:void(0); | Toutes les consultations -> ?page=entreprise.EntrepriseAdvancedSearch&amp;panierEntreprise | Avec -> ?page=entreprise.EntrepriseAdvancedSearch&amp;panierEntreprise&amp;retraits | sans retrait -> ?page=entreprise.EntrepriseAdvancedSearch&amp;panierEntreprise&amp;sansRetraits | Avec -> ?page=entreprise.EntrepriseAdvancedSearch&amp;panierEntreprise&amp;questions | sans question posée -> ?page=entreprise.EntrepriseAdvancedSearch&amp;panierEntreprise&amp;sansQuestions | Avec -> ?page=entreprise.EntrepriseAdvancedSearch&amp;panierEntreprise&amp;depots | sans dépôt -> ?page=entreprise.EntrepriseAdvancedSearch&amp;panierEntreprise&amp;sansDepots | Avec -> ?page=entreprise.Entr";themes/images/flag-fr.png [ctl0$bandeauEntreprise$langages$ctl0$flagImg] | themes/images/flag-ar.png [ctl0$bandeauEntreprise$langages$ctl1$flagImg] | themes/images/bouton-ok.gif [ctl0$menuGaucheEntreprise$imageOk] | Valider [ctl0$CONTENU_PAGE$consultationPublicationSupport$supprimerPu];20 concurrents;5
882704;o4d;lots;17;2 Lots;True;True;True;True;False;True;False;False;False;True;True;False;False;70902;"Vous n'êtes pas authentifié -> javascript:;//ctl0_bandeauEntreprise_ctl1 | PORTAIL -> pmmp | S'identifier -> javascript:;//ctl0_menuGaucheEntreprise_ctl0 | Mon panier -> toggleMenu( | Consultations -> javascript:void(0); | Toutes les consultations -> ?page=entreprise.EntrepriseAdvancedSearch&amp;panierEntreprise | Avec -> ?page=entreprise.EntrepriseAdvancedSearch&amp;panierEntreprise&amp;retraits | sans retrait -> ?page=entreprise.EntrepriseAdvancedSearch&amp;panierEntreprise&amp;sansRetraits | Avec -> ?page=entreprise.EntrepriseAdvancedSearch&amp;panierEntreprise&amp;questions | sans question posée -> ?page=entreprise.EntrepriseAdvancedSearch&amp;panierEntreprise&amp;sansQuestions | Avec -> ?page=entreprise.EntrepriseAdvancedSearch&amp;panierEntreprise&amp;depots | sans dépôt -> ?page=entreprise.EntrepriseAdvancedSearch&amp;panierEntreprise&amp;sansDepots | Avec -> ?page=entreprise.Entr";themes/images/flag-fr.png [ctl0$bandeauEntreprise$langages$ctl0$flagImg] | themes/images/flag-ar.png [ctl0$bandeauEntreprise$langages$ctl1$flagImg] | themes/images/bouton-ok.gif [ctl0$menuGaucheEntreprise$imageOk] | Valider [ctl0$CONTENU_PAGE$consultationPublicationSupport$supprimerPu];3 concurrents;1
991325;q1s;lots;5;2 Lots;True;True;True;True;False;True;False;False;False;True;True;False;False;113087;"Vous n'êtes pas authentifié -> javascript:;//ctl0_bandeauEntreprise_ctl1 | PORTAIL -> pmmp | S'identifier -> javascript:;//ctl0_menuGaucheEntreprise_ctl0 | Mon panier -> toggleMenu( | Consultations -> javascript:void(0); | Toutes les consultations -> ?page=entreprise.EntrepriseAdvancedSearch&amp;panierEntreprise | Avec -> ?page=entreprise.EntrepriseAdvancedSearch&amp;panierEntreprise&amp;retraits | sans retrait -> ?page=entreprise.EntrepriseAdvancedSearch&amp;panierEntreprise&amp;sansRetraits | Avec -> ?page=entreprise.EntrepriseAdvancedSearch&amp;panierEntreprise&amp;questions | sans question posée -> ?page=entreprise.EntrepriseAdvancedSearch&amp;panierEntreprise&amp;sansQuestions | Avec -> ?page=entreprise.EntrepriseAdvancedSearch&amp;panierEntreprise&amp;depots | sans dépôt -> ?page=entreprise.EntrepriseAdvancedSearch&amp;panierEntreprise&amp;sansDepots | Avec -> ?page=entreprise.Entr";themes/images/flag-fr.png [ctl0$bandeauEntreprise$langages$ctl0$flagImg] | themes/images/flag-ar.png [ctl0$bandeauEntreprise$langages$ctl1$flagImg] | themes/images/bouton-ok.gif [ctl0$menuGaucheEntreprise$imageOk] | Valider [ctl0$CONTENU_PAGE$consultationPublicationSupport$supprimerPu];58 concurrents;41
887142;w7t;lots;16;5 Lots;True;True;True;True;False;True;False;False;False;True;True;False;False;99146;"Vous n'êtes pas authentifié -> javascript:;//ctl0_bandeauEntreprise_ctl1 | PORTAIL -> pmmp | S'identifier -> javascript:;//ctl0_menuGaucheEntreprise_ctl0 | Mon panier -> toggleMenu( | Consultations -> javascript:void(0); | Toutes les consultations -> ?page=entreprise.EntrepriseAdvancedSearch&amp;panierEntreprise | Avec -> ?page=entreprise.EntrepriseAdvancedSearch&amp;panierEntreprise&amp;retraits | sans retrait -> ?page=entreprise.EntrepriseAdvancedSearch&amp;panierEntreprise&amp;sansRetraits | Avec -> ?page=entreprise.EntrepriseAdvancedSearch&amp;panierEntreprise&amp;questions | sans question posée -> ?page=entreprise.EntrepriseAdvancedSearch&amp;panierEntreprise&amp;sansQuestions | Avec -> ?page=entreprise.EntrepriseAdvancedSearch&amp;panierEntreprise&amp;depots | sans dépôt -> ?page=entreprise.EntrepriseAdvancedSearch&amp;panierEntreprise&amp;sansDepots | Avec -> ?page=entreprise.Entr";themes/images/flag-fr.png [ctl0$bandeauEntreprise$langages$ctl0$flagImg] | themes/images/flag-ar.png [ctl0$bandeauEntreprise$langages$ctl1$flagImg] | themes/images/bouton-ok.gif [ctl0$menuGaucheEntreprise$imageOk] | Valider [ctl0$CONTENU_PAGE$consultationPublicationSupport$supprimerPu];36 concurrents;27
910333;w7t;lots;14;3 Lots;True;True;True;True;False;True;False;False;False;True;True;False;False;115446;"Vous n'êtes pas authentifié -> javascript:;//ctl0_bandeauEntreprise_ctl1 | PORTAIL -> pmmp | S'identifier -> javascript:;//ctl0_menuGaucheEntreprise_ctl0 | Mon panier -> toggleMenu( | Consultations -> javascript:void(0); | Toutes les consultations -> ?page=entreprise.EntrepriseAdvancedSearch&amp;panierEntreprise | Avec -> ?page=entreprise.EntrepriseAdvancedSearch&amp;panierEntreprise&amp;retraits | sans retrait -> ?page=entreprise.EntrepriseAdvancedSearch&amp;panierEntreprise&amp;sansRetraits | Avec -> ?page=entreprise.EntrepriseAdvancedSearch&amp;panierEntreprise&amp;questions | sans question posée -> ?page=entreprise.EntrepriseAdvancedSearch&amp;panierEntreprise&amp;sansQuestions | Avec -> ?page=entreprise.EntrepriseAdvancedSearch&amp;panierEntreprise&amp;depots | sans dépôt -> ?page=entreprise.EntrepriseAdvancedSearch&amp;panierEntreprise&amp;sansDepots | Avec -> ?page=entreprise.Entr";themes/images/flag-fr.png [ctl0$bandeauEntreprise$langages$ctl0$flagImg] | themes/images/flag-ar.png [ctl0$bandeauEntreprise$langages$ctl1$flagImg] | themes/images/bouton-ok.gif [ctl0$menuGaucheEntreprise$imageOk] | Valider [ctl0$CONTENU_PAGE$consultationPublicationSupport$supprimerPu];63 concurrents;52
836133;p8x;lots;23;2 Lots;True;True;True;True;False;True;False;False;False;True;True;False;False;80695;"Vous n'êtes pas authentifié -> javascript:;//ctl0_bandeauEntreprise_ctl1 | PORTAIL -> pmmp | S'identifier -> javascript:;//ctl0_menuGaucheEntreprise_ctl0 | Mon panier -> toggleMenu( | Consultations -> javascript:void(0); | Toutes les consultations -> ?page=entreprise.EntrepriseAdvancedSearch&amp;panierEntreprise | Avec -> ?page=entreprise.EntrepriseAdvancedSearch&amp;panierEntreprise&amp;retraits | sans retrait -> ?page=entreprise.EntrepriseAdvancedSearch&amp;panierEntreprise&amp;sansRetraits | Avec -> ?page=entreprise.EntrepriseAdvancedSearch&amp;panierEntreprise&amp;questions | sans question posée -> ?page=entreprise.EntrepriseAdvancedSearch&amp;panierEntreprise&amp;sansQuestions | Avec -> ?page=entreprise.EntrepriseAdvancedSearch&amp;panierEntreprise&amp;depots | sans dépôt -> ?page=entreprise.EntrepriseAdvancedSearch&amp;panierEntreprise&amp;sansDepots | Avec -> ?page=entreprise.Entr";themes/images/flag-fr.png [ctl0$bandeauEntreprise$langages$ctl0$flagImg] | themes/images/flag-ar.png [ctl0$bandeauEntreprise$langages$ctl1$flagImg] | themes/images/bouton-ok.gif [ctl0$menuGaucheEntreprise$imageOk] | Valider [ctl0$CONTENU_PAGE$consultationPublicationSupport$supprimerPu];12 concurrents;8
840971;q1s;lots;23;2 Lots;True;True;True;True;False;True;False;False;False;True;True;False;False;70471;"Vous n'êtes pas authentifié -> javascript:;//ctl0_bandeauEntreprise_ctl1 | PORTAIL -> pmmp | S'identifier -> javascript:;//ctl0_menuGaucheEntreprise_ctl0 | Mon panier -> toggleMenu( | Consultations -> javascript:void(0); | Toutes les consultations -> ?page=entreprise.EntrepriseAdvancedSearch&amp;panierEntreprise | Avec -> ?page=entreprise.EntrepriseAdvancedSearch&amp;panierEntreprise&amp;retraits | sans retrait -> ?page=entreprise.EntrepriseAdvancedSearch&amp;panierEntreprise&amp;sansRetraits | Avec -> ?page=entreprise.EntrepriseAdvancedSearch&amp;panierEntreprise&amp;questions | sans question posée -> ?page=entreprise.EntrepriseAdvancedSearch&amp;panierEntreprise&amp;sansQuestions | Avec -> ?page=entreprise.EntrepriseAdvancedSearch&amp;panierEntreprise&amp;depots | sans dépôt -> ?page=entreprise.EntrepriseAdvancedSearch&amp;panierEntreprise&amp;sansDepots | Avec -> ?page=entreprise.Entr";themes/images/flag-fr.png [ctl0$bandeauEntreprise$langages$ctl0$flagImg] | themes/images/flag-ar.png [ctl0$bandeauEntreprise$langages$ctl1$flagImg] | themes/images/bouton-ok.gif [ctl0$menuGaucheEntreprise$imageOk] | Valider [ctl0$CONTENU_PAGE$consultationPublicationSupport$supprimerPu];3 concurrents;0
899240;w7t;lots;15;4 Lots;True;True;True;True;False;True;False;False;False;True;True;False;False;67994;"Vous n'êtes pas authentifié -> javascript:;//ctl0_bandeauEntreprise_ctl1 | PORTAIL -> pmmp | S'identifier -> javascript:;//ctl0_menuGaucheEntreprise_ctl0 | Mon panier -> toggleMenu( | Consultations -> javascript:void(0); | Toutes les consultations -> ?page=entreprise.EntrepriseAdvancedSearch&amp;panierEntreprise | Avec -> ?page=entreprise.EntrepriseAdvancedSearch&amp;panierEntreprise&amp;retraits | sans retrait -> ?page=entreprise.EntrepriseAdvancedSearch&amp;panierEntreprise&amp;sansRetraits | Avec -> ?page=entreprise.EntrepriseAdvancedSearch&amp;panierEntreprise&amp;questions | sans question posée -> ?page=entreprise.EntrepriseAdvancedSearch&amp;panierEntreprise&amp;sansQuestions | Avec -> ?page=entreprise.EntrepriseAdvancedSearch&amp;panierEntreprise&amp;depots | sans dépôt -> ?page=entreprise.EntrepriseAdvancedSearch&amp;panierEntreprise&amp;sansDepots | Avec -> ?page=entreprise.Entr";themes/images/flag-fr.png [ctl0$bandeauEntreprise$langages$ctl0$flagImg] | themes/images/flag-ar.png [ctl0$bandeauEntreprise$langages$ctl1$flagImg] | themes/images/bouton-ok.gif [ctl0$menuGaucheEntreprise$imageOk] | Valider [ctl0$CONTENU_PAGE$consultationPublicationSupport$supprimerPu];1 concurrents;0
